date,y_reel,QNN_tau01,QNN_tau05,QNN_tau09
2020-06-29,0.004908865,0.002563844,0.0134169385,0.040275086
2020-06-30,0.031879436,0.002563844,0.0134169385,0.04017831
2020-07-01,0.0033890316,0.002563844,0.016229456,0.03960666
2020-07-02,0.008613092,0.002563844,0.015400883,0.039577346
2020-07-06,0.023284996,0.002563844,0.016474366,0.039910074
2020-07-07,0.003294071,0.002563844,0.0134169385,0.042181626
2020-07-08,0.034279417,0.002563844,0.014227532,0.04010423
2020-07-09,0.028320305,0.002563844,0.013481417,0.039379656
2020-07-10,0.0027713291,0.002563844,0.014865606,0.04145943
2020-07-13,0.04166048,0.002563844,0.0134169385,0.037843212
2020-07-14,0.031861242,0.002563844,0.013456243,0.04180723
2020-07-15,0.014572366,0.002563844,0.014676003,0.043376032
2020-07-16,0.0091413,0.002563844,0.0134169385,0.042118784
2020-07-17,0.006588575,0.002563844,0.0134169385,0.04189429
2020-07-20,0.029886503,0.002563844,0.017268483,0.036239713
2020-07-21,0.017488498,0.002563844,0.01373925,0.0383359
2020-07-22,0.01059509,0.002563844,0.014217774,0.039914094
2020-07-23,0.030076575,0.002563844,0.0134169385,0.03799659
2020-07-24,0.006395095,0.002563844,0.013873614,0.040433533
2020-07-27,0.02204691,0.002563844,0.013909656,0.03918929
2020-07-28,0.01998317,0.002563844,0.015128132,0.039457638
2020-07-29,0.024208339,0.002563844,0.0134169385,0.041636907
2020-07-30,0.0140823275,0.002563844,0.0134169385,0.040959004
2020-07-31,0.0,0.002563844,0.0134169385,0.04024037
2020-08-03,0.03658696,0.002563844,0.0134169385,0.03446675
2020-08-04,0.019636152,0.002563844,0.0134169385,0.03087537
2020-08-05,0.0051670955,0.002563844,0.0149792675,0.039503917
2020-08-06,0.0043357476,0.002563844,0.0134169385,0.03796098
2020-08-07,0.012096438,0.002563844,0.0134169385,0.041798104
2020-08-10,0.0030403747,0.002563844,0.0134169385,0.039993383
2020-08-11,0.028572852,0.002563844,0.0134169385,0.037714902
2020-08-12,0.05286885,0.002563844,0.0134169385,0.037976213
2020-08-13,0.00026296644,0.002563844,0.0134169385,0.04176945
2020-08-14,0.010523063,0.002563844,0.0134169385,0.04020517
2020-08-17,0.06464421,0.002563844,0.0134169385,0.038049024
2020-08-18,0.006107798,0.002563844,0.0134169385,0.040175766
2020-08-19,0.010029185,0.002563844,0.0134169385,0.04341291
2020-08-20,0.00024782942,0.002563844,0.0134169385,0.038721275
2020-08-21,0.04368509,0.002563844,0.0134169385,0.040185746
2020-08-24,0.0028345517,0.002563844,0.013912923,0.03288513
2020-08-25,0.0023546934,0.002563844,0.014484966,0.041497428
2020-08-26,0.0018075372,0.002563844,0.0134169385,0.037731826
2020-08-27,0.01142653,0.002563844,0.0134169385,0.041836627
2020-08-28,0.040323433,0.002563844,0.013713259,0.04215091
2020-08-31,0.017152613,0.002563844,0.0134169385,0.037490387
2020-09-01,0.03316419,0.002563844,0.013944887,0.03910506
2020-09-02,0.03723539,0.002563844,0.0134169385,0.04006389
2020-09-03,0.09733334,0.002563844,0.016095951,0.042152196
2020-09-04,0.03070113,0.005972569,0.024999704,0.052523375
2020-09-08,0.057721607,0.0052759424,0.020694315,0.04778928
2020-09-09,0.06506591,0.010598248,0.028687116,0.061445143
2020-09-10,0.032260343,0.009657271,0.03462267,0.0531369
2020-09-11,0.011952741,0.002563844,0.021043092,0.05953481
2020-09-14,0.05650116,0.002563844,0.027393237,0.055032253
2020-09-15,0.009218299,0.0100924885,0.027226925,0.059838817
2020-09-16,0.037458386,0.002563844,0.025572596,0.05544969
2020-09-17,0.0040140064,0.002563844,0.025030073,0.053280845
2020-09-18,0.022188792,0.002563844,0.019246235,0.04657393
2020-09-21,0.026443126,0.002594709,0.019538675,0.05187322
2020-09-22,0.0096374955,0.002563844,0.016085552,0.05103427
2020-09-23,0.041523665,0.003452667,0.017493922,0.04954321
2020-09-24,0.018256817,0.0028972665,0.021595852,0.05619586
2020-09-25,0.04178488,0.002563844,0.01686174,0.050110072
2020-09-28,0.012444729,0.0033054587,0.02758092,0.06332245
2020-09-29,0.014484984,0.002563844,0.017473854,0.047412474
2020-09-30,0.022828244,0.003884292,0.025708012,0.054359067
2020-10-01,0.006204777,0.0028924916,0.01763896,0.0513612
2020-10-02,0.041443504,0.0037059747,0.020349784,0.052272923
2020-10-05,0.04350324,0.0025890751,0.02189856,0.047728766
2020-10-06,0.0068766545,0.002563844,0.014991145,0.046450183
2020-10-07,0.016409772,0.002563844,0.014426517,0.044434417
2020-10-08,0.008993119,0.002563844,0.014602757,0.04148382
2020-10-09,0.0055209026,0.002563844,0.023569614,0.040375993
2020-10-12,0.033050854,0.002563844,0.014445344,0.041139953
2020-10-13,0.0015492743,0.002563844,0.0134169385,0.03777991
2020-10-14,0.010753401,0.002563844,0.015172395,0.04096766
2020-10-15,0.00890203,0.002563844,0.0134169385,0.039233796
2020-10-16,0.011381679,0.002563844,0.0134169385,0.042181626
2020-10-19,0.023033239,0.002563844,0.013841738,0.041405745
2020-10-20,0.010918252,0.002563844,0.0134169385,0.03997876
2020-10-21,0.00892962,0.002563844,0.014929427,0.038126733
2020-10-22,0.012216648,0.002563844,0.0134169385,0.035505615
2020-10-23,0.017097231,0.002563844,0.0134169385,0.038602415
2020-10-26,0.0336523,0.002563844,0.0134169385,0.038039044
2020-10-27,0.019252868,0.002563844,0.0134169385,0.037806235
2020-10-28,0.059185494,0.002563844,0.014118734,0.039261002
2020-10-29,0.030997084,0.002563844,0.015716756,0.040118292
2020-10-30,0.038400777,0.0040765996,0.016605388,0.042181626
2020-11-02,0.0037445603,0.0032923433,0.017454075,0.045901403
2020-11-03,0.034271255,0.002563844,0.013619137,0.04171042
2020-11-04,0.057829436,0.002563844,0.016680976,0.041189834
2020-11-05,0.026203752,0.002563844,0.015435792,0.042198952
2020-11-06,0.02796101,0.002563844,0.018356487,0.049985904
2020-11-09,0.06607502,0.002563844,0.02639261,0.05300824
2020-11-10,0.065264486,0.008329198,0.030535223,0.053675577
2020-11-11,0.049489044,0.0027841548,0.021687368,0.05770307
2020-11-12,0.0029098636,0.006818593,0.02711081,0.0603239
2020-11-13,0.011984629,0.0035224191,0.029302446,0.04665813
2020-11-16,0.016281681,0.002563844,0.025712783,0.053730078
2020-11-17,0.0068333833,0.002563844,0.022649257,0.04860584
2020-11-18,0.00044805545,0.002563844,0.017176602,0.049751066
2020-11-19,0.0008955091,0.0030451298,0.02063379,0.042181626
2020-11-20,0.026653329,0.002563844,0.0134169385,0.042181626
2020-11-23,0.0040367027,0.0029120175,0.017445562,0.047952663
2020-11-24,0.013944977,0.002563844,0.017248107,0.043435752
2020-11-25,0.021091448,0.003722679,0.0150246,0.043062244
2020-11-27,0.0020433036,0.002563844,0.013889656,0.042181626
2020-11-30,0.01051351,0.0026111542,0.01617503,0.041450594
2020-12-01,0.0008232486,0.002563844,0.0134169385,0.039897054
2020-12-02,0.011449455,0.002563844,0.014383913,0.040693264
2020-12-03,0.010701019,0.002563844,0.014198385,0.040917937
2020-12-04,0.012032479,0.002563844,0.0134169385,0.040094174
2020-12-07,0.0035419164,0.002563844,0.0134169385,0.038243566
2020-12-08,0.019021848,0.002563844,0.0134169385,0.037712365
2020-12-09,0.031984605,0.002563844,0.0134169385,0.03734466
2020-12-10,0.0032502988,0.002563844,0.0134169385,0.038510516
2020-12-11,0.0031550513,0.002563844,0.0134169385,0.036307655
2020-12-14,0.022428697,0.002563844,0.0134169385,0.034162514
2020-12-15,0.003901014,0.002563844,0.0134169385,0.03982797
2020-12-16,0.008876355,0.002563844,0.0134169385,0.037776634
2020-12-17,0.0074500036,0.002563844,0.0134169385,0.03530819
2020-12-18,0.005181983,0.002563844,0.0134169385,0.040159486
2020-12-21,0.004505632,0.002563844,0.0134169385,0.03659261
2020-12-22,0.004060193,0.002563844,0.0134169385,0.036192812
2020-12-23,0.020474939,0.002563844,0.0134169385,0.035484612
2020-12-24,0.001233445,0.002563844,0.0134169385,0.037037134
2020-12-28,0.0071919085,0.002563844,0.0134169385,0.035051595
2020-12-29,0.0033353013,0.002563844,0.0134169385,0.035078444
2020-12-30,0.015482862,0.002563844,0.0134169385,0.03871564
2020-12-31,0.0069395574,0.002563844,0.0134169385,0.03794911
2021-01-04,0.00450434,0.002563844,0.0134169385,0.036117435
2021-01-05,0.021975584,0.002563844,0.0134169385,0.035081625
2021-01-06,0.06079801,0.002563844,0.0134169385,0.03885727
2021-01-07,0.05630167,0.002563844,0.0134169385,0.041533887
2021-01-08,0.005112867,0.002563844,0.018300805,0.04211582
2021-01-11,0.02568954,0.002563844,0.015178689,0.042181626
2021-01-12,0.010116484,0.002563844,0.014073469,0.039535664
2021-01-13,0.0034724318,0.002563844,0.023390662,0.040466666
2021-01-14,0.02479187,0.002563844,0.0134169385,0.041879505
2021-01-15,0.026193503,0.002563844,0.0134169385,0.042181626
2021-01-19,0.012840149,0.002563844,0.013539002,0.03807227
2021-01-20,0.025788622,0.002563844,0.0134169385,0.03985394
2021-01-21,0.036924552,0.002563844,0.0134169385,0.04023957
2021-01-22,0.011257919,0.002563844,0.014493387,0.038842548
2021-01-25,0.004321591,0.002563844,0.013492497,0.039641872
2021-01-26,0.01618411,0.002563844,0.0134169385,0.03531558
2021-01-27,0.039279204,0.002563844,0.0134169385,0.04044314
2021-01-28,0.010251512,0.002563844,0.014107314,0.03066829
2021-01-29,0.00468814,0.002563844,0.014264993,0.04142607
2021-02-01,0.018849302,0.002563844,0.0134169385,0.037329447
2021-02-02,0.023912199,0.002563844,0.0134169385,0.042181626
2021-02-03,0.0019240737,0.002563844,0.014593532,0.039991423
2021-02-04,0.009869653,0.002563844,0.013767151,0.0396243
2021-02-05,0.0054350556,0.002563844,0.0134169385,0.039288074
2021-02-08,0.060513563,0.002563844,0.0134169385,0.039143886
2021-02-09,0.012278405,0.002563844,0.0134169385,0.035389114
2021-02-10,0.034492847,0.002563844,0.01502905,0.039333347
2021-02-11,0.032488648,0.002563844,0.013724259,0.042686824
2021-02-12,0.019209476,0.002563844,0.014965973,0.04113435
2021-02-16,0.0243226,0.002563844,0.0134169385,0.042181626
2021-02-17,0.028007427,0.002563844,0.016273456,0.04136636
2021-02-18,0.0051911394,0.002563844,0.017363967,0.03880043
2021-02-19,0.006528375,0.002563844,0.0134169385,0.036580447
2021-02-22,0.03892421,0.002563844,0.01344853,0.038654894
2021-02-23,0.014961715,0.002563844,0.013581913,0.04375293
2021-02-24,0.02488239,0.002563844,0.014203783,0.043013565
2021-02-25,0.08572452,0.002563844,0.013430804,0.041359134
2021-02-26,0.030164149,0.002563844,0.016145265,0.0475539
2021-03-01,0.009238176,0.002563844,0.01693292,0.057739723
2021-03-02,0.03205589,0.002563844,0.014269655,0.04226729
2021-03-03,0.045919936,0.002563844,0.019485164,0.041804153
2021-03-04,0.034522843,0.002563844,0.014776906,0.047857422
2021-03-05,0.007346504,0.002563844,0.016171444,0.046694256
2021-03-08,0.07219298,0.0035952227,0.023366906,0.04482089
2021-03-09,0.07724759,0.0057696393,0.025389142,0.058167636
2021-03-10,0.0041702148,0.004441525,0.018306686,0.056471102
2021-03-11,0.041356113,0.002563844,0.023012847,0.053529613
2021-03-12,0.010690149,0.002563844,0.018096793,0.06858213
2021-03-15,0.025735851,0.002563844,0.024851285,0.060658053
2021-03-16,0.007559427,0.0030781906,0.0153501,0.044861525
2021-03-17,0.0037546365,0.002563844,0.016466284,0.04457853
2021-03-18,0.047532618,0.002563844,0.017585713,0.054417126
2021-03-19,0.009703031,0.002563844,0.017404828,0.055557735
2021-03-22,0.026135668,0.0039794752,0.018739294,0.050966248
2021-03-23,0.008761409,0.002675809,0.027748642,0.04435435
2021-03-24,0.033310696,0.002563844,0.015999105,0.04232071
2021-03-25,0.008579918,0.0041436017,0.017250534,0.054794602
2021-03-26,0.02397022,0.002563844,0.016966708,0.042764768
2021-03-29,0.008470412,0.002563844,0.019094149,0.050271764
2021-03-30,0.005898394,0.002563844,0.016782826,0.042181626
2021-03-31,0.03632928,0.002563844,0.015384841,0.041123323
2021-04-01,0.034214515,0.002563844,0.0140790185,0.039459586
2021-04-05,0.012642886,0.002563844,0.014468077,0.043607634
2021-04-06,0.0090297805,0.002563844,0.014638872,0.04524793
2021-04-07,0.020134477,0.002563844,0.0134169385,0.040606424
2021-04-08,0.012096099,0.002563844,0.016863393,0.038353708
2021-04-09,0.005784901,0.002563844,0.014250905,0.04021108
2021-04-12,0.054631393,0.002563844,0.0134169385,0.035895765
2021-04-13,0.030392073,0.002563844,0.0136384815,0.039520267
2021-04-14,0.025987763,0.002563844,0.0144032,0.046043683
2021-04-15,0.05480675,0.002563844,0.013593763,0.044264995
2021-04-16,0.014050611,0.0030209217,0.01925395,0.06599426
2021-04-19,0.035202876,0.002563844,0.014733634,0.048361614
2021-04-20,0.01245758,0.002563844,0.019787418,0.044926237
2021-04-21,0.012327116,0.002563844,0.014727557,0.041856166
2021-04-22,0.033722054,0.002563844,0.015523774,0.04323664
2021-04-23,0.027577491,0.002563844,0.014921865,0.047066927
2021-04-26,0.013793592,0.002563844,0.015694227,0.041304357
2021-04-27,0.0062148506,0.002563844,0.0135570355,0.041797116
2021-04-28,0.0068569756,0.002563844,0.0134169385,0.04204393
2021-04-29,0.0031434416,0.002563844,0.020264996,0.04322134
2021-04-30,0.020724727,0.002563844,0.015276756,0.041510697
2021-05-03,0.01159552,0.002563844,0.0134169385,0.041832153
2021-05-04,0.033274155,0.002563844,0.014861092,0.04059778
2021-05-05,0.0074289273,0.002563844,0.0134169385,0.03962221
2021-05-06,0.0044944827,0.002563844,0.015544584,0.041357603
2021-05-07,0.019660983,0.002563844,0.013429066,0.034789883
2021-05-10,0.037522577,0.002563844,0.0134169385,0.041873142
2021-05-11,0.002798421,0.002563844,0.013981807,0.035510205
2021-05-12,0.0389983,0.002563844,0.014082569,0.03997436
2021-05-13,0.0067955893,0.002563844,0.0134169385,0.0396807
2021-05-14,0.04138581,0.002563844,0.014907228,0.040318932
2021-05-17,0.005360733,0.002563844,0.016412506,0.042057935
2021-05-18,0.01065833,0.002563844,0.0134169385,0.04202226
2021-05-19,0.0035606653,0.002563844,0.017267233,0.04050175
2021-05-20,0.03805105,0.002563844,0.0134169385,0.042168383
2021-05-21,0.02563592,0.002563844,0.013924834,0.035804454
2021-05-24,0.040479746,0.002563844,0.014122752,0.041234404
2021-05-25,0.0023015118,0.002563844,0.014775343,0.042247854
2021-05-26,0.0033179189,0.002563844,0.0134169385,0.042127863
2021-05-27,0.013609936,0.002563844,0.018518282,0.03745374
2021-05-28,0.047703575,0.002563844,0.0134169385,0.04067727
2021-06-01,0.0012883621,0.002563844,0.013842979,0.032095548
2021-06-02,0.031078141,0.002563844,0.014213491,0.04029017
2021-06-03,0.011383159,0.002563844,0.0134169385,0.04177546
2021-06-04,0.035234846,0.002563844,0.0134169385,0.04136242
2021-06-07,0.0023342415,0.002563844,0.015335031,0.042000443
2021-06-08,0.00925504,0.002563844,0.013898056,0.041892372
2021-06-09,0.005455909,0.002563844,0.017521799,0.038327895
2021-06-10,0.0038475543,0.002563844,0.0134169385,0.042181626
2021-06-11,0.022706483,0.002563844,0.0134169385,0.040337507
2021-06-14,0.010832065,0.002563844,0.0134169385,0.040382233
2021-06-15,0.012907881,0.002563844,0.0134169385,0.037468392
2021-06-16,0.001232508,0.002563844,0.0134169385,0.03709311
2021-06-17,0.046490613,0.002563844,0.0134169385,0.039438266
2021-06-18,0.0009668739,0.002563844,0.0134169385,0.03291399
2021-06-21,0.01144766,0.002563844,0.015174891,0.037160408
2021-06-22,0.024660924,0.002563844,0.0134169385,0.039098978
2021-06-23,0.008965166,0.002563844,0.0134169385,0.041504353
2021-06-24,0.0077908603,0.002563844,0.0134169385,0.041262668
2021-06-25,0.009153154,0.002563844,0.0134169385,0.03655664
2021-06-28,0.04888766,0.002563844,0.0134169385,0.038834132
2021-06-29,0.002102945,0.002563844,0.013514387,0.035766292
2021-06-30,0.0012512201,0.002563844,0.013616692,0.037505265
2021-07-01,0.0104420865,0.002563844,0.0134169385,0.03602094
2021-07-02,0.013473372,0.002563844,0.0134169385,0.03957021
2021-07-06,0.010206255,0.002563844,0.013647656,0.039759558
2021-07-07,0.01579115,0.002563844,0.0134169385,0.03595465
2021-07-08,0.023295794,0.002563844,0.0134169385,0.037057705
2021-07-09,0.0073611964,0.002563844,0.0134169385,0.036858093
2021-07-12,0.022741161,0.002563844,0.0134169385,0.036436513
2021-07-13,0.012813536,0.002563844,0.0134169385,0.03708955
2021-07-14,0.020313155,0.002563844,0.0134169385,0.037850235
2021-07-15,0.04517162,0.002563844,0.0134169385,0.039216775
2021-07-16,0.043390755,0.002563844,0.0134169385,0.04110143
2021-07-19,0.033534694,0.002563844,0.014756835,0.044295635
2021-07-20,0.008990342,0.002563844,0.01739683,0.04426039
2021-07-21,0.041994352,0.002563844,0.0137305,0.039627634
2021-07-22,0.009450701,0.002563844,0.020715756,0.04400427
2021-07-23,0.0018420358,0.002563844,0.017906625,0.041047957
2021-07-26,0.013602565,0.002563844,0.014942092,0.03802683
2021-07-27,0.0044747926,0.002563844,0.0134169385,0.042181626
2021-07-28,0.015256568,0.002563844,0.013525838,0.041270025
2021-07-29,0.008127901,0.002563844,0.0134169385,0.041443005
2021-07-30,0.00833336,0.002563844,0.0134169385,0.041626364
2021-08-02,0.012796246,0.002563844,0.0134169385,0.037546568
2021-08-03,0.0032861205,0.002563844,0.0134169385,0.03939679
2021-08-04,0.022858538,0.002563844,0.0134169385,0.037479363
2021-08-05,0.01765485,0.002563844,0.0134169385,0.038906362
2021-08-06,0.013129441,0.002563844,0.014235787,0.038800165
2021-08-09,0.0034933113,0.002563844,0.0134169385,0.03866388
2021-08-10,0.017847924,0.002563844,0.0134169385,0.039162267
2021-08-11,0.011908573,0.002563844,0.0134169385,0.03767474
2021-08-12,0.010349735,0.002563844,0.013617024,0.037784494
2021-08-13,0.014116517,0.002563844,0.0134169385,0.03683351
2021-08-16,0.011859504,0.002563844,0.0134169385,0.038228545
2021-08-17,0.024931645,0.002563844,0.0134169385,0.036543842
2021-08-18,0.02173184,0.002563844,0.0134169385,0.036413044
2021-08-19,0.039062873,0.002563844,0.0134169385,0.037976544
2021-08-20,0.050015233,0.002563844,0.0134169385,0.038256902
2021-08-23,0.053443164,0.002563844,0.018686159,0.042181626
2021-08-24,0.0075559844,0.0045300643,0.01943398,0.043906815
2021-08-25,0.019104222,0.002563844,0.01601475,0.041000478
2021-08-26,0.006551526,0.002563844,0.017422833,0.040583827
2021-08-27,0.025421528,0.002563844,0.023141522,0.04039216
2021-08-30,0.0022985875,0.002563844,0.013823195,0.04300203
2021-08-31,0.013267244,0.002563844,0.0134169385,0.042181626
2021-09-01,0.0024935217,0.002563844,0.0134169385,0.041389097
2021-09-02,0.002001475,0.002563844,0.0134169385,0.042181626
2021-09-03,0.019757818,0.002563844,0.0134169385,0.040035464
2021-09-07,0.007954455,0.002563844,0.0134169385,0.041735124
2021-09-08,0.014355687,0.002563844,0.014819857,0.038143963
2021-09-09,0.007285228,0.002563844,0.0134169385,0.037624363
2021-09-10,0.013489015,0.002563844,0.0134169385,0.03990994
2021-09-13,0.014618719,0.002563844,0.0134169385,0.03802006
2021-09-14,0.0040564714,0.002563844,0.0134169385,0.03849505
2021-09-15,0.004448126,0.002563844,0.0134169385,0.036214463
2021-09-16,0.004448126,0.002563844,0.0134169385,0.03650936
2021-09-17,0.015497432,0.002563844,0.0134169385,0.037656795
2021-09-20,0.036618367,0.002563844,0.0134169385,0.037871167
2021-09-21,0.0062896563,0.002563844,0.0134169385,0.03763103
2021-09-22,0.032202046,0.002563844,0.0134169385,0.03593002
2021-09-23,0.024360104,0.002563844,0.0134169385,0.03933879
2021-09-24,0.017998742,0.002563844,0.0134169385,0.039597556
2021-09-27,0.019257654,0.002563844,0.0134169385,0.04126696
2021-09-28,0.045396995,0.002563844,0.0134169385,0.04027791
2021-09-29,0.008787121,0.002563844,0.0134169385,0.03958801
2021-09-30,0.009604551,0.002563844,0.0134169385,0.039339967
2021-10-01,0.0012562816,0.002563844,0.015086269,0.037550025
2021-10-04,0.049827933,0.002563844,0.0134169385,0.042181626
2021-10-05,0.035740077,0.002563844,0.014026659,0.03535298
2021-10-06,0.012062532,0.002563844,0.014258791,0.04442654
2021-10-07,0.017953614,0.002563844,0.0134169385,0.041660544
2021-10-08,0.011644658,0.002563844,0.013746892,0.04137317
2021-10-11,0.006550916,0.002563844,0.019077927,0.036900774
2021-10-12,0.0011622221,0.002563844,0.0134169385,0.038074493
2021-10-13,0.012882967,0.002563844,0.0134169385,0.03973154
2021-10-14,0.037829436,0.002563844,0.0134169385,0.041665714
2021-10-15,0.005323938,0.002563844,0.0134169385,0.031302564
2021-10-18,0.016335815,0.002563844,0.014044378,0.040657505
2021-10-19,0.003060157,0.002563844,0.0134169385,0.039160665
2021-10-20,0.008424475,0.002563844,0.0134169385,0.042029615
2021-10-21,0.02630448,0.002563844,0.0134169385,0.03942068
2021-10-22,0.0014951344,0.002563844,0.0134169385,0.039612547
2021-10-25,0.019184142,0.002563844,0.013651658,0.03717737
2021-10-26,0.064822204,0.002563844,0.0134169385,0.038778882
2021-10-27,0.010816421,0.002563844,0.0134169385,0.042181626
2021-10-28,0.019835958,0.002563844,0.013669338,0.040498406
2021-10-29,0.024807591,0.002563844,0.0134169385,0.040079452
2021-11-01,0.010110072,0.002563844,0.0134169385,0.037680678
2021-11-02,0.021995766,0.002563844,0.0134169385,0.042102087
2021-11-03,0.0074001905,0.002563844,0.0134169385,0.036654714
2021-11-04,0.11369791,0.002563844,0.0134169385,0.03925001
2021-11-05,0.0016414289,0.002563844,0.014097065,0.0482559
2021-11-08,0.03475904,0.002563844,0.022760104,0.044320054
2021-11-09,0.0047876686,0.002563844,0.014752872,0.043872427
2021-11-10,0.03987013,0.002563844,0.0134169385,0.03732944
2021-11-11,0.031119,0.002563844,0.0134169385,0.042279597
2021-11-12,0.0,0.002563844,0.016438384,0.042928897
2021-11-15,0.01208543,0.002563844,0.0134169385,0.037961137
2021-11-16,0.0059101023,0.002563844,0.0134169385,0.043117967
2021-11-17,0.031698104,0.002563844,0.022359706,0.042181626
2021-11-18,0.07929677,0.002563844,0.01629045,0.048573818
2021-11-19,0.040510558,0.002563844,0.01612244,0.046086047
2021-11-22,0.03167416,0.002563844,0.0141103845,0.04913758
2021-11-23,0.0065939385,0.002563844,0.026704973,0.05711416
2021-11-24,0.028789213,0.002563844,0.015967418,0.041959435
2021-11-26,0.03648186,0.002563844,0.021419294,0.048125837
2021-11-29,0.05774816,0.002563844,0.014800092,0.040573467
2021-11-30,0.021204995,0.002563844,0.02073215,0.052389346
2021-12-01,0.038567197,0.002563844,0.020273237,0.04935308
2021-12-02,0.02174605,0.00823216,0.028956199,0.06401226
2021-12-03,0.045638107,0.004948493,0.015856264,0.051442906
2021-12-06,0.021608913,0.004538069,0.017766021,0.04786517
2021-12-07,0.07653952,0.0035818454,0.01651972,0.044395827
2021-12-08,0.01867844,0.006312224,0.030880056,0.06046786
2021-12-09,0.04289416,0.004048139,0.019183941,0.04880974
2021-12-10,0.009623551,0.011808524,0.028383028,0.055246957
2021-12-13,0.06985166,0.005048685,0.017577998,0.04672561
2021-12-14,0.006239252,0.0060880342,0.020458736,0.047931142
2021-12-15,0.07222384,0.002563844,0.02170009,0.049103994
2021-12-16,0.07046193,0.005964971,0.026014352,0.05665935
2021-12-17,0.020867806,0.008443736,0.021264836,0.059906185
2021-12-20,0.0029545317,0.0029478876,0.02222261,0.06356675
2021-12-21,0.047772553,0.0034647707,0.030145012,0.050702717
2021-12-22,0.011118114,0.003972061,0.02474083,0.059037462
2021-12-23,0.00812814,0.002563844,0.02565171,0.0466343
2021-12-27,0.043094985,0.0042313975,0.027947832,0.049229596
2021-12-28,0.020340616,0.002563844,0.020500103,0.059541635
2021-12-29,0.01064465,0.0028626905,0.020063818,0.045618452
2021-12-30,0.013935844,0.004308477,0.029466474,0.05052768
2021-12-31,0.0059274016,0.002563844,0.017032199,0.047737725
2022-01-03,0.023857476,0.0037001322,0.021921221,0.05376312
2022-01-04,0.02798595,0.00447407,0.025460407,0.05310333
2022-01-05,0.059296574,0.002563844,0.01600996,0.05354211
2022-01-06,0.020585302,0.002563844,0.01672865,0.047650628
2022-01-07,0.033603065,0.002563844,0.01620988,0.048012882
2022-01-10,0.0056039803,0.002671948,0.024931017,0.05045277
2022-01-11,0.015104263,0.002563844,0.016415773,0.043322857
2022-01-12,0.0065200576,0.002563844,0.018666502,0.049852695
2022-01-13,0.05219955,0.002563844,0.017709835,0.042181626
2022-01-14,0.013709073,0.002563844,0.015213191,0.03565502
2022-01-18,0.039292827,0.002563844,0.0157934,0.045054387
2022-01-19,0.032813665,0.002563844,0.016337618,0.047607858
2022-01-20,0.03727195,0.004446836,0.018608522,0.044386994
2022-01-21,0.032664463,0.002563844,0.014582248,0.046201445
2022-01-24,8.56909e-05,0.0048235822,0.02325029,0.049757853
2022-01-25,0.04588057,0.0027469704,0.014789913,0.03781343
2022-01-26,0.01986235,0.002563844,0.019749457,0.046023376
2022-01-27,0.03703289,0.002563844,0.016302794,0.045559514
2022-01-28,0.040018845,0.002563844,0.01756937,0.047497258
2022-01-31,0.06960272,0.0032389956,0.021320898,0.05370961
2022-02-01,0.006189067,0.0051170615,0.024344731,0.05503215
2022-02-02,0.024221512,0.002819204,0.021985544,0.04859441
2022-02-03,0.052634083,0.002563844,0.023967378,0.046802193
2022-02-04,0.015386643,0.004896558,0.021031532,0.04983221
2022-02-07,0.01667328,0.002563844,0.014639,0.048894066
2022-02-08,0.015247837,0.002563844,0.024864003,0.050820462
2022-02-09,0.061644208,0.002563844,0.018060103,0.044295195
2022-02-10,0.03352197,0.002572907,0.017285995,0.04362835
2022-02-11,0.075388186,0.002563844,0.01565852,0.048538625
2022-02-14,0.013201265,0.005156108,0.030185282,0.07573996
2022-02-15,0.087810256,0.004263295,0.023845807,0.04849408
2022-02-16,0.00060457666,0.01256402,0.03012048,0.06332523
2022-02-17,0.078580014,0.003337324,0.023869283,0.050224833
2022-02-18,0.03593096,0.015322346,0.024354009,0.059084035
2022-02-22,0.010722936,0.0075127725,0.022048995,0.04915086
2022-02-23,0.043829396,0.004506031,0.0177702,0.052236978
2022-02-24,0.059015326,0.002563844,0.022238065,0.07045707
2022-02-25,0.017083498,0.002563844,0.023321887,0.056727864
2022-02-28,0.009403184,0.003200707,0.028138028,0.052693408
2022-03-01,0.03796322,0.0040779132,0.031063164,0.0555669
2022-03-02,0.03133365,0.0041808886,0.026100382,0.058644358
2022-03-03,0.021118764,0.0033351372,0.020323489,0.04399769
2022-03-04,0.033356886,0.0047530876,0.030349063,0.058648624
2022-03-07,0.0715618,0.0032463025,0.023264194,0.06295934
2022-03-08,0.007558629,0.004167178,0.02824014,0.05791483
2022-03-09,0.06739808,0.002563844,0.020415945,0.056171544
2022-03-10,0.015587396,0.006616499,0.030335477,0.065673605
2022-03-11,0.024935355,0.0027549088,0.020105932,0.050810818
2022-03-14,0.03546613,0.0057569426,0.019054178,0.055505414
2022-03-15,0.07420353,0.002563844,0.0222661,0.057852153
2022-03-16,0.06419088,0.0036498802,0.022311743,0.054919578
2022-03-17,0.010963502,0.005190366,0.02569424,0.071058325
2022-03-18,0.06589853,0.00706993,0.035960663,0.059826877
2022-03-21,0.010568563,0.01305539,0.03491745,0.084025964
2022-03-22,0.007884789,0.002563844,0.02715797,0.060572002
2022-03-23,0.034134842,0.002626658,0.021602254,0.05112321
2022-03-24,0.09362991,0.002563844,0.022330828,0.05410468
2022-03-25,0.01640648,0.002563844,0.022116072,0.05396221
2022-03-28,0.018854156,0.002563844,0.01872529,0.05751382
2022-03-29,0.015365526,0.002563844,0.031475406,0.053014506
2022-03-30,0.034291998,0.0033737663,0.02459642,0.05241974
2022-03-31,0.014694202,0.0031131797,0.014358308,0.048984878
2022-04-01,0.021257829,0.0036923073,0.022715913,0.05654629
2022-04-04,0.023965904,0.005473683,0.033314243,0.057785276
2022-04-05,0.0536426,0.00289945,0.017901702,0.055589475
2022-04-06,0.060561396,0.0028605699,0.02467441,0.05183878
2022-04-07,0.008192935,0.003166059,0.02278572,0.07941435
2022-04-08,0.0460311,0.004747621,0.021628147,0.051889203
2022-04-11,0.053387985,0.0055271713,0.026605796,0.06852636
2022-04-12,0.019024387,0.0035750046,0.016437784,0.055137485
2022-04-13,0.031987295,0.0029995819,0.01519951,0.05253241
2022-04-14,0.04349333,0.002563844,0.027532654,0.06274523
2022-04-18,0.024389978,0.005384071,0.022106651,0.054832853
2022-04-19,0.018877849,0.0031217851,0.020393938,0.048234954
2022-04-20,0.032786664,0.003340812,0.02941254,0.058636826
2022-04-21,0.062380992,0.0052414755,0.02464666,0.055982947
2022-04-22,0.03364909,0.003532142,0.02286936,0.05060578
2022-04-25,0.019636018,0.002563844,0.020119198,0.050652087
2022-04-26,0.05760153,0.0036204457,0.032121453,0.056726467
2022-04-27,0.020056436,0.0076825814,0.030282605,0.07289909
2022-04-28,0.071607634,0.002563844,0.025570618,0.054407615
2022-04-29,0.064456195,0.006020171,0.03505999,0.06824213
2022-05-02,0.051793605,0.007356837,0.023303062,0.058293514
2022-05-03,0.0035306616,0.0061286287,0.031957783,0.072644316
2022-05-04,0.036648538,0.0063657593,0.04155594,0.054294452
2022-05-05,0.07609852,0.006650062,0.02524618,0.064667515
2022-05-06,0.00899878,0.005457931,0.02825521,0.057793178
2022-05-09,0.09692689,0.0029644885,0.03041063,0.054163724
2022-05-10,0.037358917,0.008483838,0.027986035,0.066574275
2022-05-11,0.056418587,0.005519821,0.02074917,0.06177108
2022-05-12,0.02773352,0.014980178,0.028389722,0.065877706
2022-05-13,0.09043175,0.00654401,0.032195453,0.057076357
2022-05-16,0.0252717,0.008722205,0.03157974,0.06498502
2022-05-17,0.051524673,0.0036458354,0.019726528,0.06432518
2022-05-18,0.07060064,0.012934666,0.03440219,0.0646988
2022-05-19,0.010923352,0.00803844,0.042742334,0.07744862
2022-05-20,0.025434008,0.0051539736,0.039260592,0.068553805
2022-05-23,0.012149253,0.004139438,0.033389665,0.06657648
2022-05-24,0.04502345,0.0033563785,0.019340353,0.060369447
2022-05-25,0.049569648,0.0050778463,0.023189202,0.05617335
2022-05-26,0.05031781,0.0030427969,0.025068082,0.059986636
2022-05-27,0.05238252,0.002563844,0.034436993,0.096913755
2022-05-31,0.007409994,0.0046827393,0.025394535,0.08146103
2022-06-01,0.019039327,0.00547285,0.029864945,0.054408513
2022-06-02,0.06713802,0.0033182502,0.025653481,0.06749548
2022-06-03,0.045538798,0.0041739177,0.031829447,0.057162147
2022-06-06,0.0035238564,0.002563844,0.022048423,0.056906022
2022-06-07,0.0074181203,0.009838471,0.036311906,0.068807855
2022-06-08,0.014580283,0.0028363927,0.022896677,0.0596207
2022-06-09,0.032710914,0.0031560638,0.021746123,0.05734519
2022-06-10,0.061347675,0.004733277,0.01916536,0.058006592
2022-06-13,0.08140252,0.002563844,0.018299948,0.06253653
2022-06-14,0.012012748,0.004031164,0.021294173,0.082002945
2022-06-15,0.04269841,0.0027279174,0.025732059,0.05966668
2022-06-16,0.057652008,0.0065600597,0.031137064,0.06732519
2022-06-17,0.017724793,0.005062598,0.021391317,0.058999874
2022-06-21,0.042286675,0.0032735285,0.015734613,0.0539211
2022-06-22,0.012513997,0.0041190023,0.027061507,0.071116194
2022-06-23,0.008282435,0.003532357,0.017167328,0.05169551
2022-06-24,0.05404092,0.0026035893,0.02269178,0.05215767
2022-06-27,0.015118296,0.002563844,0.02285752,0.05882398
2022-06-28,0.05400986,0.0033261415,0.02074731,0.046987843
2022-06-29,0.027920725,0.002563844,0.028919479,0.05764504
2022-06-30,0.02495157,0.00411843,0.021265725,0.047309827
2022-07-01,0.04286515,0.005830462,0.021934757,0.05162687
2022-07-05,0.029931214,0.0054138685,0.02709409,0.067974046
2022-07-06,0.01101705,0.003142363,0.020951744,0.049855508
2022-07-07,0.046998378,0.004496319,0.024157625,0.045190778
2022-07-08,0.0012569838,0.0034543567,0.027546529,0.060810767
2022-07-11,0.04428687,0.0025777665,0.020634836,0.04919712
2022-07-12,0.0046354015,0.0030473894,0.026791308,0.05800298
2022-07-13,0.0054278886,0.002563844,0.020879531,0.046435058
2022-07-14,0.013624564,0.002563844,0.018962132,0.046204727
2022-07-15,0.025054684,0.002563844,0.014228156,0.042181626
2022-07-18,0.021276463,0.0036080605,0.016646523,0.05140734
2022-07-19,0.05386301,0.002563844,0.017731488,0.042961974
2022-07-20,0.046846125,0.002563844,0.02146738,0.05047219
2022-07-21,0.013551486,0.0026690722,0.01633783,0.045800302
2022-07-22,0.04132796,0.002563844,0.016732,0.04469422
2022-07-25,0.01719798,0.0025677755,0.026393294,0.06576773
2022-07-26,0.02926066,0.002563844,0.02156756,0.046033867
2022-07-27,0.0732846,0.0025950517,0.017690914,0.0481821
2022-07-28,0.010840503,0.0048574405,0.029403742,0.055616364
2022-07-29,0.009903374,0.002563844,0.021646269,0.053393148
2022-08-01,0.015194818,0.002563844,0.019601684,0.044142965
2022-08-02,0.004603486,0.002563844,0.0142403385,0.04534073
2022-08-03,0.019604694,0.002563844,0.014270268,0.04483253
2022-08-04,0.016901692,0.002563844,0.017406546,0.042181626
2022-08-05,0.011833279,0.002563844,0.014347645,0.042181626
2022-08-08,0.0650465,0.002563844,0.014516835,0.041522652
2022-08-09,0.040553622,0.002563844,0.015767159,0.049317714
2022-08-10,0.057490036,0.002563844,0.01529078,0.04846651
2022-08-11,0.008599719,0.002992068,0.018730786,0.055324104
2022-08-12,0.041860327,0.0025724983,0.02435773,0.044992536
2022-08-15,0.01710849,0.00578886,0.022772584,0.055163525
2022-08-16,0.0080695,0.0027949258,0.015517725,0.04819797
2022-08-17,0.029231323,0.002563844,0.017112605,0.04543022
2022-08-18,0.023610866,0.002563844,0.016509768,0.05283037
2022-08-19,0.050475538,0.002563844,0.018789925,0.041406993
2022-08-22,0.046744913,0.002563844,0.025485996,0.054039694
2022-08-23,0.008601775,0.003918471,0.018735537,0.053147
2022-08-24,0.002385997,0.0028919887,0.018940087,0.041895915
2022-08-25,0.0393345,0.002563844,0.018870316,0.04025998
2022-08-26,0.09682018,0.002563844,0.016059311,0.04610188
2022-08-29,0.028627265,0.002563844,0.01957101,0.05096494
2022-08-30,0.021309279,0.002563844,0.015900252,0.05267308
2022-08-31,0.02447551,0.002563844,0.03411614,0.05292019
2022-09-01,0.07974376,0.0038997745,0.02731944,0.05809398
2022-09-02,0.021027582,0.002563844,0.016576514,0.05004691
2022-09-06,0.013425201,0.002563844,0.018784337,0.05518372
2022-09-07,0.01862701,0.002563844,0.026650831,0.04706627
2022-09-08,0.019911507,0.002563844,0.0232585,0.052046843
2022-09-09,0.027982092,0.0027260117,0.018262444,0.04151951
2022-09-12,0.008167609,0.0028113897,0.021461003,0.055885337
2022-09-13,0.09952005,0.003290923,0.018660571,0.045630753
2022-09-14,0.0002286655,0.002563844,0.02610546,0.054521002
2022-09-15,0.015262898,0.002563844,0.022971088,0.0556918
2022-09-16,0.02058485,0.002563844,0.016291134,0.04000059
2022-09-19,0.013848061,0.002563844,0.015693868,0.037345234
2022-09-20,0.015517624,0.002563844,0.013437221,0.045519702
2022-09-21,0.006427677,0.0037884521,0.025226332,0.043590378
2022-09-22,0.054216906,0.0038433196,0.021396745,0.04652499
2022-09-23,0.0035916138,0.002826145,0.022730127,0.04066462
2022-09-26,0.023288751,0.002563844,0.018860053,0.05175192
2022-09-27,0.015019066,0.002563844,0.015622551,0.041291732
2022-09-28,0.02569162,0.002563844,0.0134169385,0.040993486
2022-09-29,0.041365627,0.002563844,0.013860239,0.045535475
2022-09-30,0.006655571,0.002563844,0.0155692035,0.0505007
2022-10-03,0.030279387,0.002563844,0.014804523,0.041472007
2022-10-04,0.051016916,0.002563844,0.019503558,0.04607107
2022-10-05,0.0031871086,0.002563844,0.016223555,0.042181626
2022-10-06,0.00600324,0.002563844,0.0144214025,0.043814264
2022-10-07,0.08367924,0.002563844,0.013959193,0.039375078
2022-10-10,0.0341905,0.002563844,0.0166356,0.04742822
2022-10-11,0.0072293826,0.002563844,0.016767778,0.060356654
2022-10-12,0.0074386527,0.002563844,0.0134169385,0.04196879
2022-10-13,0.039207324,0.002563844,0.013472829,0.04177725
2022-10-14,0.06324184,0.002563844,0.017198514,0.04200739
2022-10-17,0.05721586,0.002563844,0.016234715,0.04522061
2022-10-18,0.006611539,0.002563844,0.02003553,0.051962234
2022-10-19,0.0070000286,0.003735554,0.027075786,0.04590918
2022-10-20,0.011788734,0.002563844,0.019727664,0.044173904
2022-10-21,0.022069357,0.002563844,0.024823168,0.047663156
2022-10-24,0.010620388,0.0029798765,0.0149346,0.049220387
2022-10-25,0.051194,0.002563844,0.01975834,0.042394303
2022-10-26,0.02790053,0.002563844,0.018632423,0.05540745
2022-10-27,0.021472853,0.002563844,0.01595273,0.047372032
2022-10-28,0.048753634,0.002563844,0.017428037,0.04646426
2022-10-31,0.024680134,0.0028601952,0.022226745,0.06872292
2022-11-01,0.0034049137,0.002563844,0.01763435,0.050151676
2022-11-02,0.024217771,0.0028191765,0.015559332,0.037661374
2022-11-03,0.01516928,0.002563844,0.020476157,0.052156366
2022-11-04,0.053314216,0.00294606,0.022457182,0.04480081
2022-11-07,0.010184505,0.002563844,0.019432005,0.04559457
2022-11-08,0.020837767,0.002563844,0.016714554,0.045758337
2022-11-09,0.058217235,0.002563844,0.01910598,0.044750236
2022-11-10,0.13390271,0.002563844,0.01857808,0.049498096
2022-11-11,0.035975438,0.007940225,0.02573281,0.06354077
2022-11-14,0.0019633353,0.003324349,0.022814069,0.053923324
2022-11-15,0.022511069,0.002563844,0.02547321,0.047885247
2022-11-16,0.04641451,0.002563844,0.019751418,0.062940925
2022-11-17,0.01475782,0.002563844,0.014944145,0.05040524
2022-11-18,0.017242916,0.0041481294,0.022076514,0.04620657
2022-11-21,0.005986384,0.0036554653,0.028533721,0.0548537
2022-11-22,0.04599363,0.002563844,0.017634438,0.050815858
2022-11-23,0.029547898,0.0028259337,0.018504916,0.047467805
2022-11-25,0.0151875075,0.002563844,0.01642628,0.05169636
2022-11-28,0.027594967,0.0038658953,0.017496288,0.051765624
2022-11-29,0.011958441,0.002563844,0.018194877,0.050823532
2022-11-30,0.07915777,0.003223236,0.021704447,0.04484719
2022-12-01,0.012455656,0.002563844,0.028783742,0.0452857
2022-12-02,0.015232259,0.002563844,0.020067204,0.054301254
2022-12-05,0.015889427,0.002563844,0.01931728,0.04516105
2022-12-06,0.038223248,0.002563844,0.016471675,0.04022842
2022-12-07,0.008282666,0.0034336438,0.014012945,0.040059227
2022-12-08,0.06304552,0.0029834553,0.017431349,0.050803117
2022-12-09,0.009838103,0.002563844,0.028655984,0.0563946
2022-12-12,0.030936066,0.002563844,0.019570535,0.045476325
2022-12-13,0.030157162,0.002563844,0.018036569,0.04465836
2022-12-14,0.02226892,0.002563844,0.017334677,0.04548188
2022-12-15,0.041712083,0.002754338,0.013560904,0.044048034
2022-12-16,0.022730965,0.002563844,0.023498235,0.060054965
2022-12-19,0.019312492,0.002784135,0.017040445,0.044380333
2022-12-20,0.010450825,0.0026482106,0.024938544,0.045320403
2022-12-21,0.025534086,0.0026760055,0.01822675,0.043310042
2022-12-22,0.07302045,0.002567214,0.02303208,0.04805897
2022-12-23,0.0087127965,0.002563844,0.02477208,0.046873245
2022-12-27,0.07402953,0.002563844,0.018235773,0.052913066
2022-12-28,0.006040597,0.006720293,0.028583623,0.06820071
2022-12-29,0.0396072,0.003838085,0.022309199,0.04440442
2022-12-30,0.0007533576,0.004119818,0.018521016,0.04992361
2023-01-03,0.02067534,0.002563844,0.013482786,0.041677024
2023-01-04,0.029875163,0.002563844,0.016045101,0.051475875
2023-01-05,0.033375856,0.002563844,0.0147443395,0.04661355
2023-01-06,0.04080993,0.002563844,0.0141550945,0.044767067
2023-01-09,0.05045028,0.002563844,0.01999998,0.06357494
2023-01-10,0.017829517,0.004597687,0.026406255,0.06139866
2023-01-11,0.0057565123,0.0042008315,0.019322857,0.048968185
2023-01-12,0.031372685,0.002563844,0.020205874,0.040663593
2023-01-13,0.023233112,0.002563844,0.024709247,0.050826978
2023-01-17,0.04642286,0.0028582506,0.018155944,0.042793017
2023-01-18,0.018527817,0.002563844,0.024188738,0.056853674
2023-01-19,0.035854075,0.002563844,0.017984446,0.04569603
2023-01-20,0.062095113,0.00498275,0.027347483,0.056524795
2023-01-23,0.073151276,0.0058246283,0.030080419,0.0606429
2023-01-24,0.0037461997,0.004361115,0.022356644,0.05790001
2023-01-25,0.0030075992,0.003959301,0.027862618,0.050195992
2023-01-26,0.024493692,0.002563844,0.020241663,0.043778274
2023-01-27,0.028023643,0.002563844,0.017095119,0.053138047
2023-01-30,0.060888413,0.0026293567,0.014947997,0.039766036
2023-01-31,0.019390473,0.002563844,0.022455726,0.05825653
2023-02-01,0.0694888,0.002563844,0.017920867,0.04977613
2023-02-02,0.035925996,0.006871176,0.03343026,0.07410148
2023-02-03,0.028458497,0.005771447,0.019245835,0.050729793
2023-02-06,0.00052172015,0.007467545,0.018970605,0.05621165
2023-02-07,0.050129827,0.0027012357,0.01777741,0.04345856
2023-02-08,0.0014383529,0.002563844,0.021013636,0.045651965
2023-02-09,0.0059299096,0.002916344,0.019770779,0.048971143
2023-02-10,0.04918776,0.002563844,0.018994996,0.041774113
2023-02-13,0.024299506,0.002563844,0.018440258,0.048680857
2023-02-14,0.052872363,0.00286841,0.016750932,0.046701677
2023-02-15,0.0090566855,0.002563844,0.030343222,0.05937621
2023-02-16,0.0340369,0.002563844,0.020835435,0.046208
2023-02-17,0.028307954,0.0032198825,0.022134688,0.05226116
2023-02-21,0.03487065,0.003620382,0.0156711,0.04338991
2023-02-22,0.004783912,0.002563844,0.015308554,0.0445588
2023-02-23,0.13121659,0.0032886697,0.016855728,0.043873247
2023-02-24,0.01610618,0.007833755,0.032877546,0.05914311
2023-02-27,0.009190876,0.002563844,0.022983216,0.06349106
2023-02-28,0.012198668,0.002563844,0.014565688,0.041246492
2023-03-01,0.022571586,0.002563844,0.017938122,0.04010345
2023-03-02,0.026781686,0.002563844,0.0134169385,0.042338524
2023-03-03,0.024400966,0.002563844,0.019281559,0.055474352
2023-03-06,0.01415861,0.002563844,0.021387206,0.05538991
2023-03-07,0.011186902,0.0029473477,0.017424775,0.049262602
2023-03-08,0.037628323,0.003089894,0.02149992,0.048809834
2023-03-09,0.03129549,0.0027722733,0.020035267,0.046039883
2023-03-10,0.020304194,0.002563844,0.015393331,0.046876937
2023-03-13,4.355761e-05,0.00275585,0.018637437,0.050114796
2023-03-14,0.04666275,0.004104779,0.015119063,0.04217857
2023-03-15,0.0068357782,0.0029896672,0.022306886,0.03888016
2023-03-16,0.05277669,0.002563844,0.01691363,0.04629944
2023-03-17,0.00717277,0.002563844,0.016896948,0.048840735
2023-03-20,0.0067818677,0.002563844,0.020660454,0.043508347
2023-03-21,0.011478114,0.002563844,0.018820848,0.043981414
2023-03-22,0.010218474,0.002563844,0.0134169385,0.042100787
2023-03-23,0.026946984,0.002563844,0.015092203,0.048821643
2023-03-24,0.015272962,0.002563844,0.0134169385,0.038567547
2023-03-27,0.009295864,0.002563844,0.014868173,0.040329166
2023-03-28,0.004572585,0.002563844,0.0134169385,0.036711812
2023-03-29,0.021497019,0.002563844,0.0134169385,0.04067498
2023-03-30,0.014679331,0.002563844,0.0134169385,0.040623225
2023-03-31,0.014286916,0.002563844,0.01512407,0.038686693
2023-04-03,0.0067439657,0.002563844,0.0134169385,0.03826618
2023-04-04,0.018476993,0.002563844,0.0134169385,0.03978895
2023-04-05,0.021058837,0.002563844,0.0134169385,0.038002603
2023-04-06,0.0057884487,0.002563844,0.0134169385,0.037760444
2023-04-10,0.019847387,0.002563844,0.0134169385,0.03623725
2023-04-11,0.014975504,0.002563844,0.0134169385,0.037526656
2023-04-12,0.025117403,0.002563844,0.013472074,0.03820963
2023-04-13,0.0012088885,0.002563844,0.0134169385,0.038781106
2023-04-14,0.011078249,0.002563844,0.0134169385,0.03868878
2023-04-17,0.009080382,0.002563844,0.0134169385,0.036354274
2023-04-18,0.024329945,0.002563844,0.0134169385,0.039562184
2023-04-19,0.009496276,0.002563844,0.013627081,0.038867
2023-04-20,0.030054627,0.002563844,0.0134169385,0.038271267
2023-04-21,0.0005534484,0.002563844,0.0134169385,0.03782151
2023-04-24,0.00284429,0.002563844,0.0134169385,0.03976881
2023-04-25,0.030066527,0.002563844,0.0134169385,0.036218915
2023-04-26,0.026880195,0.002563844,0.0134169385,0.042181626
2023-04-27,0.009969694,0.002563844,0.0134169385,0.039024666
2023-04-28,0.01902622,0.002563844,0.0134169385,0.038197216
2023-05-01,0.040986795,0.002563844,0.0134169385,0.039575085
2023-05-02,0.024508378,0.002563844,0.0134169385,0.039549455
2023-05-03,0.0145696495,0.002563844,0.0134169385,0.040151786
2023-05-04,0.008672737,0.002563844,0.0134169385,0.03816774
2023-05-05,0.039764132,0.002563844,0.0134169385,0.038562838
2023-05-08,0.016287524,0.002563844,0.0134169385,0.03194551
2023-05-09,0.020096546,0.002563844,0.013748623,0.04027122
2023-05-10,0.01093025,0.002563844,0.013761413,0.03923749
2023-05-11,0.010685198,0.002563844,0.0134169385,0.042181626
2023-05-12,0.0083586015,0.002563844,0.0134169385,0.03889375
2023-05-15,0.021395952,0.002563844,0.0134169385,0.039834064
2023-05-16,0.008939425,0.002563844,0.013428432,0.038652398
2023-05-17,0.032499716,0.002563844,0.013445926,0.03828695
2023-05-18,0.04850869,0.002563844,0.0134169385,0.038243648
2023-05-19,0.013153024,0.002563844,0.013901882,0.04229183
2023-05-22,0.002819611,0.002563844,0.013891028,0.043365434
2023-05-23,0.015775453,0.002563844,0.0134169385,0.036392238
2023-05-24,0.004901458,0.002563844,0.0134169385,0.03831334
2023-05-25,0.21809022,0.002563844,0.013902373,0.04010307
2023-05-26,0.025116565,0.002563844,0.0134169385,0.057137273
2023-05-30,0.029471321,0.002563844,0.0280507,0.04908236
2023-05-31,0.05844065,0.002563844,0.0134169385,0.05638179
2023-06-01,0.049902655,0.002563844,0.020925902,0.056029543
2023-06-02,0.011200093,0.002563844,0.0134169385,0.06599044
2023-06-05,0.0039733513,0.004042741,0.029301831,0.05631625
2023-06-06,0.0132880965,0.002563844,0.021015596,0.056997668
2023-06-07,0.03087421,0.002563844,0.016197655,0.052784532
2023-06-08,0.027244592,0.002563844,0.015195611,0.050057225
2023-06-09,0.006730267,0.0034637956,0.016725074,0.056172688
2023-06-12,0.018194428,0.0052168807,0.02578719,0.04735095
2023-06-13,0.038267035,0.0038812063,0.026820078,0.054968007
2023-06-14,0.0470225,0.0036148988,0.015486248,0.0470727
2023-06-15,0.008032134,0.002563844,0.016201932,0.058908734
2023-06-16,0.0009117918,0.00446228,0.018135512,0.051864088
2023-06-20,0.025803601,0.004204463,0.018701408,0.04771332
2023-06-21,0.017567283,0.0028561777,0.021725815,0.04903747
2023-06-22,0.00046483846,0.0033101328,0.017720442,0.054340392
2023-06-23,0.019149683,0.0059330883,0.022197805,0.047991246
2023-06-26,0.03807615,0.004576913,0.018153895,0.04721626
2023-06-27,0.030153818,0.002563844,0.015120091,0.034160092
2023-06-28,0.018287968,0.002563844,0.0134169385,0.04402172
2023-06-29,0.007202074,0.002563844,0.016686395,0.043459333
2023-06-30,0.03561375,0.002563844,0.0134169385,0.038182832
2023-07-03,0.0026211222,0.002563844,0.015613197,0.031576987
2023-07-05,0.0022665146,0.002563844,0.014548876,0.039800726
2023-07-06,0.005071005,0.002563844,0.013594547,0.035959486
2023-07-07,0.009457721,0.002563844,0.0134169385,0.042181626
2023-07-10,0.0076301447,0.002563844,0.013505387,0.042077456
2023-07-11,0.0053212624,0.002563844,0.0134169385,0.039883263
2023-07-12,0.034691885,0.002563844,0.0134169385,0.037475824
2023-07-13,0.04618256,0.002563844,0.0134169385,0.032596976
2023-07-14,0.011108527,0.002563844,0.013672522,0.04140842
2023-07-17,0.02158062,0.002563844,0.0134169385,0.040388413
2023-07-18,0.021990653,0.002563844,0.0134169385,0.04029466
2023-07-19,0.008818625,0.002563844,0.015970599,0.03745352
2023-07-20,0.03363359,0.002563844,0.0134169385,0.04067449
2023-07-21,0.026965404,0.002563844,0.0134169385,0.03758185
2023-07-24,0.0068165516,0.002563844,0.014633835,0.038619574
2023-07-25,0.023636494,0.002563844,0.0134169385,0.03696281
2023-07-26,0.0049807318,0.002563844,0.0134169385,0.041692086
2023-07-27,0.00980604,0.002563844,0.015548092,0.03919042
2023-07-28,0.018348822,0.002563844,0.0134169385,0.038826253
2023-07-31,0.00044939684,0.002563844,0.0134169385,0.041326452
2023-08-01,0.0047610095,0.002563844,0.0134169385,0.037350506
2023-08-02,0.049317867,0.002563844,0.0134169385,0.03805205
2023-08-03,0.005540505,0.002563844,0.0134169385,0.037027366
2023-08-04,0.003700568,0.002563844,0.014245114,0.038125586
2023-08-07,0.01635082,0.002563844,0.0134169385,0.03720367
2023-08-08,0.016709063,0.002563844,0.0134169385,0.041529566
2023-08-09,0.04839297,0.002563844,0.013436213,0.04137151
2023-08-10,0.003909401,0.002563844,0.0134169385,0.038040426
2023-08-11,0.036836892,0.002563844,0.01417242,0.039034776
2023-08-14,0.068531685,0.002563844,0.015151793,0.041649733
2023-08-15,0.004263533,0.002563844,0.014376094,0.042181626
2023-08-16,0.010383701,0.002563844,0.0134169385,0.044829536
2023-08-17,0.0032830085,0.002563844,0.0134169385,0.038414296
2023-08-18,0.0010274325,0.002563844,0.0134169385,0.037424054
2023-08-21,0.08131561,0.002563844,0.0134169385,0.04214632
2023-08-22,0.028047001,0.002563844,0.0155439,0.04529468
2023-08-23,0.031215107,0.002563844,0.01626065,0.045245305
2023-08-24,0.0009972566,0.002563844,0.013767319,0.045428876
2023-08-25,0.024578098,0.002563844,0.013986433,0.040824413
2023-08-28,0.017597683,0.002563844,0.013666669,0.04216855
2023-08-29,0.040772106,0.002563844,0.01617191,0.041017067
2023-08-30,0.0097912885,0.002563844,0.014732512,0.043951303
2023-08-31,0.0018458873,0.002563844,0.014916025,0.043095652
2023-09-01,0.01729145,0.002563844,0.015466237,0.03601468
2023-09-05,0.0008038271,0.002563844,0.013436535,0.042181626
2023-09-06,0.03102388,0.002563844,0.0155754415,0.041298997
2023-09-07,0.017580157,0.002563844,0.0134169385,0.041401166
2023-09-08,0.014570968,0.002563844,0.015761869,0.041529205
2023-09-11,0.008684417,0.002563844,0.013437752,0.04066423
2023-09-12,0.0068395208,0.002563844,0.0134169385,0.041885253
2023-09-13,0.013612791,0.002563844,0.0134169385,0.035096664
2023-09-14,0.0021086442,0.002563844,0.0134169385,0.037815858
2023-09-15,0.03757949,0.002563844,0.0134169385,0.037481215
2023-09-18,0.001502493,0.002563844,0.0134169385,0.034305483
2023-09-19,0.010192808,0.002563844,0.016137555,0.039729744
2023-09-20,0.029878313,0.002563844,0.0134169385,0.03860235
2023-09-21,0.029356495,0.002563844,0.0134169385,0.042181626
2023-09-22,0.014351012,0.002563844,0.0134169385,0.039966594
2023-09-25,0.014602875,0.002563844,0.0134169385,0.03946987
2023-09-26,0.0073940917,0.002563844,0.0134169385,0.036719736
2023-09-27,0.013204313,0.002563844,0.0134169385,0.034849677
2023-09-28,0.014516506,0.002563844,0.0134169385,0.036746446
2023-09-29,0.009471474,0.002563844,0.0134169385,0.036455262
2023-10-02,0.029067678,0.002563844,0.0134169385,0.036395177
2023-10-03,0.028653905,0.002563844,0.0134169385,0.03658436
2023-10-04,0.011966396,0.002563844,0.014035188,0.038090598
2023-10-05,0.014585963,0.002563844,0.0134169385,0.03800659
2023-10-06,0.023750009,0.002563844,0.0134169385,0.036385603
2023-10-09,0.010744664,0.002563844,0.0134169385,0.03723837
2023-10-10,0.011531139,0.002563844,0.0134169385,0.03821595
2023-10-11,0.021769574,0.002563844,0.0134169385,0.03538498
2023-10-12,0.0029657024,0.002563844,0.0134169385,0.03758125
2023-10-13,0.03212187,0.002563844,0.0134169385,0.037000626
2023-10-16,0.013847175,0.002563844,0.0134169385,0.038105853
2023-10-17,0.047924817,0.002563844,0.014802501,0.04046546
2023-10-18,0.040452648,0.002563844,0.014279239,0.04012271
2023-10-19,0.0022542414,0.002588312,0.016415741,0.042181626
2023-10-20,0.017102174,0.002563844,0.0134169385,0.038901974
2023-10-23,0.037649658,0.002563844,0.0134169385,0.03990232
2023-10-24,0.015884638,0.002563844,0.015570198,0.04285122
2023-10-25,0.04411084,0.002563844,0.0134169385,0.042568374
2023-10-26,0.035394873,0.002563844,0.016951688,0.04647838
2023-10-27,0.004303658,0.0044802586,0.016139656,0.042181626
2023-10-30,0.016191414,0.002563844,0.0134169385,0.03771213
2023-10-31,0.009300689,0.002563844,0.015399221,0.043933317
2023-11-01,0.03718636,0.002563844,0.023233261,0.04110598
2023-11-02,0.027522288,0.002563844,0.0138772065,0.04056803
2023-11-03,0.033872508,0.002563844,0.014743632,0.04425635
2023-11-06,0.016442265,0.002563844,0.01587327,0.04625614
2023-11-07,0.004447423,0.002563844,0.017613318,0.043146133
2023-11-08,0.013379435,0.002563844,0.0158214,0.03686396
2023-11-09,0.008041844,0.002563844,0.016560383,0.041320927
2023-11-10,0.029072437,0.002563844,0.019767601,0.04136063
2023-11-13,0.0058777644,0.002563844,0.015150114,0.03999926
2023-11-14,0.021085078,0.002563844,0.015757624,0.041972585
2023-11-15,0.015587335,0.002563844,0.014454966,0.04132254
2023-11-16,0.0120381955,0.002563844,0.0134169385,0.041922428
2023-11-17,0.0036855277,0.002563844,0.01376825,0.039644584
2023-11-20,0.0222852,0.002563844,0.0134169385,0.039785128
2023-11-21,0.0092666065,0.002563844,0.0134169385,0.039234065
2023-11-22,0.024896188,0.002563844,0.015011228,0.038656868
2023-11-24,0.019482575,0.002563844,0.0134169385,0.03887309
2023-11-27,0.009705811,0.002563844,0.0134169385,0.040903732
2023-11-28,0.0087642325,0.002563844,0.0134169385,0.0370707
2023-11-29,0.0066473684,0.002563844,0.0134169385,0.038025323
2023-11-30,0.02887114,0.002563844,0.0134169385,0.035571307
2023-12-01,0.00010692626,0.002563844,0.013476403,0.03847151
2023-12-04,0.027202299,0.002563844,0.0134169385,0.036667738
2023-12-05,0.023025379,0.002563844,0.0134169385,0.039618686
2023-12-06,0.023091309,0.002563844,0.0134169385,0.04161959
2023-12-07,0.02373538,0.002563844,0.0134169385,0.041590013
2023-12-08,0.019342223,0.002563844,0.0134169385,0.041478448
2023-12-11,0.01867712,0.002563844,0.013626004,0.037667036
2023-12-12,0.02185077,0.002563844,0.0134169385,0.036504604
2023-12-13,0.009001476,0.002563844,0.0134169385,0.036598533
2023-12-14,0.0054338155,0.002563844,0.0134169385,0.035534147
2023-12-15,0.01110718,0.002563844,0.0134169385,0.03402552
2023-12-18,0.023988063,0.002563844,0.0134169385,0.039664023
2023-12-19,0.009488787,0.002563844,0.013624841,0.038163714
2023-12-20,0.030562073,0.002563844,0.0134169385,0.03752033
2023-12-21,0.018106213,0.002563844,0.0134169385,0.037858177
2023-12-22,0.0032714715,0.002563844,0.014440119,0.04015651
2023-12-26,0.0091535775,0.002563844,0.0134169385,0.035808463
2023-12-27,0.002796598,0.002563844,0.0134169385,0.039287914
2023-12-28,0.0021226194,0.002563844,0.0134169385,0.03621055
2023-12-29,0.0,0.002563844,0.0134169385,0.0367211
2024-01-02,0.02772342,0.002563844,0.0134169385,0.039012253
2024-01-03,0.01251211,0.002563844,0.0134169385,0.03949724
2024-01-04,0.008976385,0.002563844,0.0134169385,0.03772148
2024-01-05,0.022639662,0.002563844,0.0134169385,0.036438435
2024-01-08,0.062298372,0.002563844,0.0134169385,0.041268624
2024-01-09,0.016833434,0.002563844,0.014893588,0.044137508
2024-01-10,0.022513881,0.002563844,0.014125239,0.03819293
2024-01-11,0.008647372,0.002563844,0.0134169385,0.041217323
2024-01-12,0.0020451623,0.002563844,0.0134169385,0.037792496
2024-01-16,0.03010486,0.002563844,0.0134169385,0.04033831
2024-01-17,0.0058525577,0.002563844,0.013491379,0.040950317
2024-01-18,0.018628133,0.002563844,0.0134169385,0.039746962
2024-01-19,0.040898554,0.002563844,0.0134169385,0.038982797
2024-01-22,0.002736292,0.002563844,0.014432794,0.04224031
2024-01-23,0.0036646198,0.002563844,0.0134169385,0.040213387
2024-01-24,0.024564603,0.002563844,0.0134169385,0.034859974
2024-01-25,0.004147251,0.002563844,0.0134169385,0.039492667
2024-01-26,0.009556327,0.002563844,0.0134169385,0.040007636
2024-01-29,0.023225559,0.002563844,0.0134169385,0.037065692
2024-01-30,0.0049348036,0.002563844,0.0134169385,0.041543912
2024-01-31,0.020065809,0.002563844,0.01375564,0.038491633
2024-02-01,0.024086637,0.002563844,0.0134169385,0.038100276
2024-02-02,0.048513588,0.002563844,0.0134169385,0.040628627
2024-02-05,0.046829768,0.002563844,0.014251168,0.041586224
2024-02-06,0.016124116,0.002563844,0.018203504,0.043376945
2024-02-07,0.027126607,0.002563844,0.015342227,0.042849343
2024-02-08,0.006555364,0.002563844,0.018337274,0.041765332
2024-02-09,0.035158414,0.002563844,0.019519579,0.036417626
2024-02-12,0.0015930828,0.002563844,0.014823029,0.038262695
2024-02-13,0.0016624049,0.002563844,0.014492672,0.04203581
2024-02-14,0.024270287,0.002563844,0.014664632,0.038682632
2024-02-15,0.01694876,0.002563844,0.0134169385,0.042181626
2024-02-16,0.0006195608,0.002563844,0.013847095,0.040223707
2024-02-20,0.044508792,0.002563844,0.0134169385,0.037633985
2024-02-21,0.028923081,0.002563844,0.014419196,0.041294303
2024-02-22,0.1518702,0.002563844,0.0145969745,0.042379837
2024-02-23,0.0035462924,0.008338922,0.029040609,0.052409075
2024-02-26,0.0034831855,0.002563844,0.026845168,0.04414355
2024-02-27,0.0049561025,0.002563844,0.016846845,0.039986745
2024-02-28,0.013276249,0.002563844,0.0134169385,0.03440866
2024-02-29,0.018485202,0.002563844,0.0134169385,0.042152442
2024-03-01,0.03925071,0.002563844,0.016650269,0.042251296
2024-03-04,0.035320174,0.002563844,0.01811583,0.055490725
2024-03-05,0.008539922,0.002563844,0.015942074,0.05201221
2024-03-06,0.031331286,0.002563844,0.015342968,0.042120874
2024-03-07,0.043774117,0.002563844,0.018564124,0.05430729
2024-03-08,0.057075262,0.002563844,0.015911618,0.0461604
2024-03-11,0.020242812,0.002563844,0.016336227,0.048104335
2024-03-12,0.06912655,0.003177515,0.02291182,0.047587376
2024-03-13,0.011214498,0.009066308,0.03294738,0.08083888
2024-03-14,0.03292773,0.0029216527,0.019596988,0.054435883
2024-03-15,0.0012231165,0.005456056,0.021062188,0.050929222
2024-03-18,0.007016816,0.002563844,0.014896543,0.04218263
2024-03-19,0.010604362,0.002563844,0.018816363,0.05919916
2024-03-20,0.010836175,0.002563844,0.01451045,0.04269372
2024-03-21,0.011693852,0.002563844,0.021385506,0.051138926
2024-03-22,0.030736197,0.002563844,0.0134169385,0.042181626
2024-03-25,0.00753341,0.002563844,0.013841311,0.040876288
2024-03-26,0.026030058,0.002563844,0.01577391,0.041897498
2024-03-27,0.02528429,0.002563844,0.016976956,0.042500954
2024-03-28,0.001173826,0.002563844,0.01585499,0.042181626
2024-04-01,7.7468336e-05,0.002563844,0.015503621,0.04159303
2024-04-02,0.010132723,0.002563844,0.0134169385,0.039697815
2024-04-03,0.005470375,0.002563844,0.0134169385,0.042162817
2024-04-04,0.03498976,0.002563844,0.015401533,0.040703554
2024-04-05,0.024185685,0.002563844,0.0134169385,0.03781502
2024-04-08,0.009992032,0.002563844,0.015174333,0.040533464
2024-04-09,0.020628372,0.002563844,0.0134169385,0.039151065
2024-04-10,0.01954898,0.002563844,0.0134169385,0.04117267
2024-04-11,0.040274505,0.002563844,0.013769399,0.037493855
2024-04-12,0.027182577,0.002563844,0.0134169385,0.038490232
2024-04-15,0.025089296,0.002563844,0.0151731735,0.040248252
2024-04-16,0.016307969,0.002563844,0.014315567,0.03968095
2024-04-17,0.039433513,0.002563844,0.0134169385,0.03875849
2024-04-18,0.0075397794,0.002563844,0.0152264945,0.034920886
2024-04-19,0.10541169,0.002563844,0.014255465,0.039727047
2024-04-22,0.042621948,0.003194207,0.021738641,0.048971392
2024-04-23,0.035881113,0.0054841805,0.019505376,0.047649182
2024-04-24,0.03388356,0.0046863863,0.019293148,0.054983836
2024-04-25,0.036416054,0.00327994,0.022968192,0.054200865
2024-04-26,0.059923895,0.002563844,0.019602165,0.05459558
2024-04-29,0.00025072368,0.0066950787,0.031349808,0.056034885
2024-04-30,0.015560808,0.0036425842,0.01960621,0.048284937
2024-05-01,0.03967636,0.002563844,0.02138739,0.054907255
2024-05-02,0.03288266,0.002563844,0.019635266,0.04990851
2024-05-03,0.034045648,0.002563844,0.01932979,0.04625516
2024-05-06,0.03704639,0.002563844,0.027452027,0.071159
2024-05-07,0.017362801,0.00515234,0.025440766,0.0624988
2024-05-08,0.0015693558,0.004194554,0.019609354,0.047244076
2024-05-09,0.018587377,0.0035867381,0.022328505,0.04908973
2024-05-10,0.01266357,0.0027684304,0.030282099,0.057496116
2024-05-13,0.00578001,0.0038134165,0.02162958,0.052341852
2024-05-14,0.010530757,0.0037444164,0.019827843,0.045489885
2024-05-15,0.035210587,0.0039147977,0.018717898,0.042181626
2024-05-16,0.0028678938,0.00351291,0.018602904,0.04730142
2024-05-17,0.020125065,0.002563844,0.017285855,0.047148746
2024-05-20,0.024576824,0.002563844,0.013916594,0.041989777
2024-05-21,0.006373401,0.002563844,0.01403057,0.042181626
2024-05-22,0.0045813797,0.002563844,0.014638075,0.04087031
2024-05-23,0.0891059,0.002563844,0.0134169385,0.039876692
2024-05-24,0.025397526,0.002563844,0.0134169385,0.042796656
2024-05-28,0.06747579,0.002563844,0.016797071,0.048203625
2024-05-29,0.00807958,0.002563844,0.02044253,0.05642928
2024-05-30,0.03839371,0.004365552,0.01875417,0.043508485
2024-05-31,0.0078770965,0.0036481353,0.016028382,0.052943453
2024-06-03,0.047793705,0.002939869,0.014619663,0.041875653
2024-06-04,0.012418225,0.002563844,0.015429771,0.04198014
2024-06-05,0.05027076,0.002563844,0.017186556,0.04312357
2024-06-06,0.011847097,0.002563844,0.021414284,0.048533775
2024-06-07,0.00090951944,0.003597306,0.0193424,0.04251725
2024-06-11,0.006594699,0.002563844,0.018015116,0.041776698
2024-06-12,0.03486599,0.002563844,0.0134169385,0.042181626
2024-06-13,0.034617484,0.0036555487,0.016371861,0.03768688
2024-06-14,0.017362477,0.002563844,0.014332597,0.05043256
2024-06-17,0.0066492944,0.002563844,0.015679035,0.045483228
2024-06-18,0.03431875,0.0035465695,0.014822513,0.041677203
2024-06-20,0.03627477,0.002563844,0.023414025,0.037512943
2024-06-21,0.032491587,0.002563844,0.014679961,0.04262669
2024-06-24,0.06951784,0.002563844,0.014578279,0.045772687
2024-06-25,0.06571827,0.005105391,0.024452455,0.07340416
2024-06-26,0.002218174,0.006227689,0.020699626,0.051335804
2024-06-27,0.019013194,0.0051803864,0.021910263,0.04868253
2024-06-28,0.004202706,0.002563844,0.021078205,0.047195233
2024-07-01,0.006699787,0.002563844,0.027566662,0.04870397
2024-07-02,0.013200175,0.002563844,0.013548484,0.05138026
2024-07-03,0.04471755,0.002563844,0.013709746,0.042181626
2024-07-05,0.01936306,0.002563844,0.014416562,0.047276117
2024-07-08,0.019020002,0.002563844,0.014943153,0.048812374
2024-07-09,0.024221571,0.002563844,0.015980609,0.045357384
2024-07-10,0.026662238,0.002563844,0.015863735,0.042181626
2024-07-11,0.05742438,0.0028633345,0.014845962,0.04214903
2024-07-12,0.014610175,0.002563844,0.020704696,0.045284413
2024-07-15,0.006480049,0.002563844,0.016724698,0.045669187
2024-07-16,0.015931277,0.002563844,0.017237457,0.03829208
2024-07-17,0.06910024,0.002563844,0.01487035,0.041319195
2024-07-18,0.027754018,0.002563844,0.014281479,0.03933165
2024-07-19,0.028093144,0.002563844,0.015299165,0.05041209
2024-07-22,0.046473764,0.002563844,0.025157299,0.05143566
2024-07-23,0.008903041,0.007990792,0.027734943,0.06197169
2024-07-24,0.06927292,0.002563844,0.016823499,0.047088183
2024-07-25,0.016859043,0.0059506577,0.031212104,0.058188863
2024-07-26,0.006742396,0.003849905,0.019137345,0.048092682
2024-07-29,0.013440943,0.002563844,0.017889075,0.040349636
2024-07-30,0.07304007,0.002563844,0.015291972,0.045114405
2024-07-31,0.12136499,0.002563844,0.014684155,0.046783578
2024-08-01,0.06823688,0.007275627,0.023100177,0.054933324
2024-08-02,0.019570457,0.004621662,0.02254498,0.063455
2024-08-05,0.06340185,0.0035026618,0.043790564,0.07618969
2024-08-06,0.032636017,0.00908005,0.036087517,0.077942535
2024-08-07,0.049968515,0.0027520698,0.03743259,0.0727672
2024-08-08,0.05905992,0.010678124,0.032281853,0.058803316
2024-08-09,0.0020980362,0.008028965,0.03544994,0.07364728
2024-08-12,0.039789673,0.0059665795,0.031322856,0.05968117
2024-08-13,0.06343013,0.0048495485,0.030231848,0.06856921
2024-08-14,0.015998429,0.0063641197,0.03154239,0.07721862
2024-08-15,0.040250707,0.0031571293,0.029159846,0.052929863
2024-08-16,0.013902584,0.0038722972,0.0270256,0.0628777
2024-08-19,0.04258637,0.003373417,0.016759854,0.051530547
2024-08-20,0.021380795,0.005549222,0.02258252,0.056907494
2024-08-21,0.009775249,0.002563844,0.020617934,0.05594773
2024-08-22,0.03730193,0.0059011844,0.029459812,0.06092152
2024-08-23,0.04337683,0.0036589606,0.027425606,0.06746817
2024-08-26,0.022156827,0.002563844,0.01621651,0.05310248
2024-08-27,0.014524299,0.005276582,0.029361047,0.07938952
2024-08-28,0.021189403,0.005785308,0.026399227,0.058128405
2024-08-29,0.06597787,0.0035155595,0.025279956,0.056179963
2024-08-30,0.015107685,0.002563844,0.02054714,0.037587404
2024-09-03,0.100180455,0.0026341735,0.018299999,0.0532948
2024-09-04,0.016712962,0.006592615,0.03167948,0.06450812
2024-09-05,0.009651047,0.0043166573,0.0224677,0.049711727
2024-09-06,0.04189493,0.002563844,0.019760843,0.0438265
2024-09-09,0.03468887,0.002563844,0.024179753,0.05007231
2024-09-10,0.015193469,0.002936245,0.01870265,0.050969236
2024-09-11,0.077235095,0.0029941371,0.02807926,0.054027945
2024-09-12,0.02000745,0.0050549963,0.022645488,0.0672382
2024-09-13,0.000503736,0.002563844,0.018915202,0.055136416
2024-09-16,0.019503713,0.002563844,0.016567752,0.042138867
2024-09-17,0.010242376,0.002563844,0.019977644,0.05060224
2024-09-18,0.020451684,0.0028683057,0.017886214,0.046891622
2024-09-19,0.039984558,0.003376,0.023219813,0.048945364
2024-09-20,0.015992131,0.002563844,0.01611696,0.058618568
2024-09-23,0.002238871,0.003179186,0.019703507,0.049439948
2024-09-24,0.039548174,0.004806909,0.013875581,0.04253037
2024-09-25,0.020944888,0.002563844,0.01933531,0.045428474
2024-09-26,0.0042819697,0.002563844,0.015881274,0.04667189
2024-09-27,0.021925163,0.004397496,0.015559886,0.04536142
2024-09-30,0.000700208,0.002563844,0.014957519,0.0429352
2024-10-01,0.03848808,0.002563844,0.019981056,0.043132275
2024-10-02,0.016971134,0.002563844,0.014274161,0.04085768
2024-10-03,0.03269482,0.002563844,0.016587246,0.042181626
2024-10-04,0.017116517,0.002563844,0.015603589,0.04292787
2024-10-07,0.022636503,0.002563844,0.014554215,0.042093005
2024-10-08,0.039557774,0.002563844,0.016499078,0.04148472
2024-10-09,0.0021537289,0.002563844,0.015145766,0.041485723
2024-10-10,0.016226474,0.002563844,0.013643229,0.038673688
2024-10-11,0.0001186838,0.002563844,0.015445432,0.03938192
2024-10-14,0.024590563,0.002563844,0.0134169385,0.042181626
2024-10-15,0.046861295,0.002563844,0.014092437,0.04341992
2024-10-16,0.029042799,0.002563844,0.0134169385,0.044231407
2024-10-17,0.008861301,0.002563844,0.0134169385,0.04306254
2024-10-18,0.007798445,0.002563844,0.013972845,0.03978451
2024-10-21,0.040543694,0.002563844,0.014609831,0.03962433
2024-10-22,0.00083536375,0.002563844,0.016151687,0.031502564
2024-10-23,0.0284674,0.002563844,0.014605149,0.04037167
2024-10-24,0.006072098,0.002563844,0.0134169385,0.042181626
2024-10-25,0.008015648,0.002563844,0.0134169385,0.042181626
2024-10-28,0.007232535,0.002563844,0.0143152075,0.041488156
2024-10-29,0.0053939093,0.002563844,0.0134169385,0.042181626
2024-10-30,0.014975677,0.002563844,0.0134169385,0.038350232
2024-10-31,0.047225073,0.002563844,0.0134169385,0.03910766
2024-11-01,0.019468782,0.002563844,0.0134169385,0.035586476
2024-11-04,0.005671998,0.002563844,0.013907211,0.04011573
2024-11-05,0.02745853,0.002563844,0.0134169385,0.03724691
2024-11-06,0.039789516,0.002563844,0.0134169385,0.03991987
2024-11-07,0.022175213,0.002563844,0.013813939,0.040536378
2024-11-08,0.008262419,0.002563844,0.0134169385,0.041985326
2024-11-11,0.016250528,0.002563844,0.0134169385,0.038769543
2024-11-12,0.020710599,0.002563844,0.01385577,0.039374385
2024-11-13,0.012893773,0.002563844,0.016562715,0.038488075
2024-11-14,0.0023876943,0.002563844,0.0134169385,0.038417812
2024-11-15,0.033112396,0.002563844,0.0134169385,0.03793408
2024-11-18,0.012972925,0.002563844,0.0134169385,0.03320197
2024-11-19,0.047787335,0.002563844,0.013986506,0.039651223
2024-11-20,0.0076476987,0.002563844,0.014112558,0.038918525
2024-11-21,0.005332252,0.002563844,0.014920883,0.04149943
2024-11-22,0.032710284,0.002563844,0.016730139,0.038045865
2024-11-25,0.04267295,0.002563844,0.014073475,0.04076979
2024-11-26,0.0061565717,0.002563844,0.013647103,0.0425936
2024-11-27,0.011168375,0.002563844,0.013771375,0.043652244
2024-11-29,0.021273509,0.002563844,0.0134169385,0.040233243
2024-12-02,0.002744873,0.002563844,0.014418289,0.040741913
2024-12-03,0.011724977,0.002563844,0.0134169385,0.040534407
2024-12-04,0.034165304,0.002563844,0.0134169385,0.04110227
2024-12-05,0.0005513439,0.002563844,0.0134169385,0.039707445
2024-12-06,0.018226592,0.002563844,0.0134169385,0.038874205
2024-12-09,0.025814766,0.002563844,0.0134169385,0.040116612
2025-01-27,0.15886846,0.002563844,0.0134169385,0.042181626
2025-01-28,0.08549725,0.0045769913,0.031636003,0.057140257
2025-01-29,0.0418756,0.006294104,0.019461863,0.044140466
2025-01-30,0.0076505304,0.0054819365,0.027712336,0.076237865
2025-01-31,0.037434906,0.002563844,0.018279668,0.049461618
2025-02-03,0.028811185,0.002563844,0.030017592,0.06190966
2025-02-04,0.016914262,0.0028236709,0.02275325,0.05243515
2025-02-05,0.050774828,0.0027493583,0.01892674,0.05044636
2025-02-06,0.03037589,0.004584171,0.022627939,0.06401357
2025-02-07,0.008974221,0.003551445,0.018968347,0.057006177
2025-02-10,0.028322762,0.002563844,0.022455737,0.059882347
2025-02-11,0.005781448,0.002563844,0.021735087,0.06146007
2025-02-12,0.012578783,0.002971004,0.023454951,0.04789946
2025-02-13,0.031155167,0.0040991046,0.02440431,0.05561535
2025-02-14,0.025973592,0.002563844,0.015923737,0.05484167
2025-02-18,0.0039532846,0.0031760617,0.020547202,0.054707967
2025-02-19,0.0012202564,0.006466304,0.023399455,0.04918118
2025-02-20,0.0063005863,0.0048705954,0.017783334,0.04656526
2025-02-21,0.041384213,0.003855771,0.023585781,0.05055232
2025-02-24,0.03135764,0.004168413,0.017407874,0.046874408
2025-02-25,0.028495505,0.002563844,0.015769256,0.05681369
2025-02-26,0.036141973,0.002563844,0.014474627,0.04709421
2025-02-27,0.088591486,0.002563844,0.022297097,0.046703376
2025-02-28,0.03801156,0.0068111024,0.027226001,0.053742003
2025-03-03,0.09002789,0.0038476887,0.018733097,0.055305876
2025-03-04,0.016520679,0.009782562,0.03101359,0.06642473
2025-03-05,0.011489452,0.0066213375,0.024056444,0.048628658
2025-03-06,0.059176397,0.002563844,0.01752016,0.050060168
2025-03-07,0.019082326,0.008044973,0.025243904,0.058448147
2025-03-10,0.051998787,0.002563844,0.025299689,0.057466097
2025-03-11,0.01650172,0.0038975012,0.029657926,0.05957339
2025-03-12,0.062202677,0.005173995,0.023667501,0.04921361
2025-03-13,0.00027652,0.009826178,0.028258242,0.054114368
2025-03-14,0.049255926,0.0027087536,0.021742824,0.046575017
2025-03-17,0.017176708,0.0069960086,0.024367522,0.055134527
2025-03-18,0.033627413,0.0036236471,0.019300772,0.045501444
2025-03-19,0.017086951,0.004344724,0.01762804,0.051540893
2025-03-20,0.008557561,0.002563844,0.021279227,0.050648373
2025-03-21,0.007451978,0.0049174954,0.02385624,0.058204167
2025-03-24,0.031459134,0.0037976534,0.025862377,0.053564213
2025-03-25,0.005947973,0.0048800055,0.02244013,0.060555357
2025-03-26,0.061510548,0.0038958665,0.021912266,0.055319466
2025-03-27,0.018318137,0.002563844,0.028306408,0.05434096
2025-03-28,0.015920734,0.002563844,0.019332498,0.04965884
2025-03-31,0.008240296,0.002563844,0.017804578,0.046242833
2025-04-01,0.012607512,0.002563844,0.013911568,0.041472558
2025-04-02,0.0024482035,0.002563844,0.0151239475,0.05016568
2025-04-03,0.08093742,0.0028954875,0.01840193,0.042181626
2025-04-04,0.0766606,0.002563844,0.014365925,0.041328095
2025-04-07,0.035310652,0.0028337622,0.015539536,0.047588833
2025-04-08,0.010287099,0.002563844,0.021780841,0.05567006
2025-04-09,0.1673722,0.002563844,0.025598003,0.047272123
2025-04-10,0.05973942,0.013701649,0.038691577,0.06358017
2025-04-11,0.029549787,0.002563844,0.021484755,0.09493157
2025-04-14,0.0019852018,0.0028793379,0.018772297,0.06855238
2025-04-15,0.013368824,0.002563844,0.01531854,0.060737222
2025-04-16,0.07119162,0.002563844,0.019649746,0.052788228
2025-04-17,0.029771764,0.003904597,0.022580398,0.056326155
2025-04-21,0.045536898,0.0043358644,0.023256596,0.051939066
2025-04-22,0.02022541,0.002563844,0.032647718,0.06080009
2025-04-23,0.036001008,0.005366791,0.032004472,0.05714181
2025-04-24,0.03747836,0.009238014,0.02708748,0.056287505
2025-04-25,0.042132795,0.0043240036,0.02096539,0.057344258
2025-04-28,0.021672675,0.0041527334,0.027546657,0.07156389
2025-04-29,0.0035837393,0.0044603166,0.023374485,0.058111828
2025-04-30,0.0029395574,0.0050060824,0.029739596,0.057492144
2025-05-01,0.026418857,0.003755908,0.027682813,0.06684482
2025-05-02,0.024865238,0.0051043034,0.021174883,0.07055356
2025-05-05,0.005257636,0.0046501234,0.022679858,0.06616927
2025-05-06,0.0024630555,0.0063852295,0.030912712,0.04916787
2025-05-07,0.030531427,0.0056466064,0.02199089,0.044640563
2025-05-08,0.0026447142,0.0043464215,0.021165946,0.05409507
2025-05-09,0.0061533395,0.002563844,0.016839903,0.043115623
2025-05-12,0.052965704,0.002563844,0.0134169385,0.04041597
2025-05-13,0.05485214,0.002563844,0.01358108,0.04274959
2025-05-14,0.040794287,0.002563844,0.013532263,0.050257612
2025-05-15,0.0036270812,0.002563844,0.016573073,0.053537227
2025-05-16,0.0033684399,0.0029639523,0.020048998,0.0431201
2025-05-19,0.0015360872,0.002563844,0.018221438,0.040297884
2025-05-20,0.008343879,0.002563844,0.022336725,0.039296236
2025-05-21,0.019339446,0.002563844,0.013932145,0.042181626
2025-05-22,0.0076858634,0.002563844,0.0134169385,0.04213531
2025-05-23,0.011661498,0.002563844,0.0134169385,0.041512292
2025-05-27,0.031563025,0.002563844,0.0134169385,0.0405491
2025-05-28,0.0051052608,0.002563844,0.0134169385,0.038405325
2025-05-29,0.03188731,0.002563844,0.0139448475,0.037966218
2025-05-30,0.0316648,0.002563844,0.0134169385,0.039681643
2025-06-02,0.018661918,0.002563844,0.01432099,0.041734945
2025-06-03,0.028841944,0.002563844,0.0134169385,0.042178243
2025-06-04,0.003670765,0.002563844,0.014640854,0.04117859
2025-06-05,0.0139783025,0.002563844,0.014244535,0.03674116
2025-06-06,0.012342242,0.002563844,0.016744511,0.039880972
2025-06-09,0.006626407,0.002563844,0.0134169385,0.04153285
2025-06-10,0.0092816185,0.002563844,0.0134169385,0.040183485
2025-06-11,0.007880371,0.002563844,0.0134169385,0.040123694
2025-06-12,0.01507863,0.002563844,0.0134169385,0.038162954
2025-06-13,0.021117974,0.002563844,0.0134169385,0.03626303
2025-06-16,0.018977756,0.002563844,0.0134169385,0.036945283
2025-06-17,0.003947237,0.002563844,0.0134169385,0.03782449
2025-06-18,0.009392334,0.002563844,0.0134169385,0.036714293
2025-06-20,0.011754267,0.002563844,0.0134169385,0.03489535
2025-06-23,0.0027088053,0.002563844,0.0134169385,0.03659888
2025-06-24,0.025543211,0.002563844,0.0134169385,0.036121212
2025-06-25,0.042427197,0.002563844,0.0134169385,0.037399337
2025-06-26,0.0045905747,0.002563844,0.0134169385,0.039510343
2025-06-27,0.017393967,0.002563844,0.0134169385,0.039374273
2025-06-30,0.001583632,0.002563844,0.0134169385,0.038450703
2025-07-01,0.030134954,0.002563844,0.0134169385,0.03855148
2025-07-02,0.02544011,0.002563844,0.013511036,0.041557606
2025-07-03,0.012876989,0.002563844,0.0134169385,0.040450826
2025-07-07,0.0066010165,0.002563844,0.0134169385,0.03877612
2025-07-08,0.011110947,0.002563844,0.0134169385,0.04041113
2025-07-09,0.017789919,0.002563844,0.0134169385,0.035810687
2025-07-10,0.0074622645,0.002563844,0.013652545,0.03739238
2025-07-11,0.0049845097,0.002563844,0.0134169385,0.036331974
2025-07-14,0.005167342,0.002563844,0.0134169385,0.03568747
2025-07-15,0.039614465,0.002563844,0.0134169385,0.037837505
2025-07-16,0.0038356339,0.002563844,0.013582786,0.034378737
2025-07-17,0.009548331,0.002563844,0.013512682,0.037063766
2025-07-18,0.0034162332,0.002563844,0.0134169385,0.036576748
2025-07-21,0.005992048,0.002563844,0.0134169385,0.041700277
2025-07-22,0.025829623,0.002563844,0.0134169385,0.03934597
2025-07-23,0.022322487,0.002563844,0.0134169385,0.038310073
2025-07-24,0.01718375,0.002563844,0.0134169385,0.03879612
2025-07-25,0.0013823295,0.002563844,0.0134169385,0.037807327
2025-07-28,0.018666197,0.002563844,0.0134169385,0.03789696
2025-07-29,0.007147774,0.002563844,0.0134169385,0.037529204
2025-07-30,0.021197028,0.002563844,0.0134169385,0.036543272
2025-07-31,0.007840103,0.002563844,0.0134169385,0.03816516
2025-08-01,0.024356749,0.002563844,0.0134169385,0.039676912
2025-08-04,0.036260653,0.002563844,0.0134169385,0.038411684
2025-08-05,0.009713693,0.002563844,0.0134169385,0.040648762
2025-08-06,0.0064862673,0.002563844,0.0134169385,0.038220447
2025-08-07,0.007496079,0.002563844,0.0134169385,0.035111204
2025-08-08,0.0108115105,0.002563844,0.0134169385,0.037363943
2025-08-11,0.0034261157,0.002563844,0.013522979,0.038738128
2025-08-12,0.0054488587,0.002563844,0.0134169385,0.03691639
2025-08-13,0.008556202,0.002563844,0.0134169385,0.036932416
2025-08-14,0.0026130143,0.002563844,0.0134169385,0.037287954
2025-08-15,0.00866284,0.002563844,0.0134169385,0.036009535
2025-08-18,0.0086079,0.002563844,0.0134169385,0.036344215
2025-08-19,0.035625186,0.002563844,0.0134169385,0.036507607
2025-08-20,0.0013673657,0.002563844,0.0134169385,0.037331797
2025-08-21,0.0023973982,0.002563844,0.0134169385,0.03674124
2025-08-22,0.017055687,0.002563844,0.0134169385,0.03452547
2025-08-25,0.010279031,0.002563844,0.0134169385,0.04030064
2025-08-26,0.010735752,0.002563844,0.0134169385,0.03934191
2025-08-27,0.0014148752,0.002563844,0.0134169385,0.035947703
2025-08-28,0.007709533,0.002563844,0.0134169385,0.037062228
2025-08-29,0.033924717,0.002563844,0.0134169385,0.03502533
2025-09-02,0.019545238,0.002563844,0.0134169385,0.038812295
2025-09-03,0.00070892693,0.002563844,0.0134169385,0.03630467
2025-09-04,0.0060769147,0.002563844,0.0134169385,0.03680687
2025-09-05,0.027402211,0.002563844,0.0134169385,0.03785993
2025-09-08,0.007812773,0.002563844,0.013587334,0.039643746
2025-09-09,0.01429173,0.002563844,0.0134169385,0.036800697
2025-09-10,0.037455928,0.002563844,0.0134169385,0.036668018
2025-09-11,0.0005642704,0.002563844,0.0134169385,0.041952487
2025-09-12,0.0035495996,0.002563844,0.0134169385,0.03732778
2025-09-15,0.0002868803,0.002563844,0.0134169385,0.03537181
2025-09-16,0.016506892,0.002563844,0.0134169385,0.041421868
2025-09-17,0.026850207,0.002563844,0.01373826,0.041641496
2025-09-18,0.035058297,0.002563844,0.0134169385,0.037748154
2025-09-19,0.0017966605,0.002563844,0.0134169385,0.038531434
2025-09-22,0.03894364,0.002563844,0.0134169385,0.039163694
2025-09-23,0.028617576,0.002563844,0.0134169385,0.039888054
2025-09-24,0.008617419,0.002563844,0.014988504,0.040526375
2025-09-25,0.004292663,0.002563844,0.0134169385,0.04188216
2025-09-26,0.0029787854,0.002563844,0.0134169385,0.041311484
2025-09-29,0.020480238,0.002563844,0.0134169385,0.036739677
2025-09-30,0.025502669,0.002563844,0.0139192855,0.040865965
2025-10-01,0.0033976785,0.002563844,0.0134169385,0.0374856
2025-10-02,0.009198523,0.002563844,0.0134169385,0.037300896
2025-10-03,0.0070108636,0.002563844,0.0134169385,0.03785053
2025-10-06,0.011148148,0.002563844,0.0134169385,0.038822986
2025-10-07,0.0026984743,0.002563844,0.0134169385,0.038389772
2025-10-08,0.021756839,0.002563844,0.0134169385,0.036801454
2025-10-09,0.018130867,0.002563844,0.0134169385,0.037126943
2025-10-10,0.050099637,0.002563844,0.0134169385,0.03812582
2025-10-13,0.027782556,0.002563844,0.0134169385,0.03810609
2025-10-14,0.04514107,0.002563844,0.015944125,0.041277237
2025-10-15,0.000989612,0.002563844,0.016552376,0.043061066
2025-10-16,0.010950225,0.002563844,0.013431325,0.04182511
2025-10-17,0.0077254307,0.002563844,0.01771221,0.041158043
2025-10-20,0.0031706144,0.002563844,0.0134169385,0.04043927
2025-10-21,0.008351686,0.002563844,0.0134169385,0.042181626
2025-10-22,0.0046541183,0.002563844,0.0134169385,0.042181626
2025-10-23,0.010374224,0.002563844,0.0134169385,0.040074065
2025-10-24,0.021935944,0.002563844,0.0134169385,0.039552864
2025-10-27,0.028014224,0.002563844,0.0134169385,0.037814707
2025-10-28,0.048618563,0.002563844,0.0134169385,0.03785268
2025-10-29,0.029457862,0.002563844,0.016252462,0.040611297
2025-10-30,0.020642925,0.002563844,0.01735465,0.041302823
2025-10-31,0.0017218117,0.002563844,0.01510871,0.042167854
2025-11-03,0.022316435,0.002563844,0.0134169385,0.038095035
2025-11-04,0.041117888,0.002563844,0.018228741,0.041665044
2025-11-05,0.01766992,0.002563844,0.014448818,0.03797618
2025-11-06,0.037208498,0.002563844,0.0134169385,0.042654242
2025-11-07,0.00037211282,0.002563844,0.018608535,0.04811561
2025-11-10,0.056316532,0.002563844,0.0134169385,0.042181626
2025-11-11,0.030037189,0.002563844,0.017108718,0.04124573
2025-11-12,0.0035658032,0.0026673854,0.016994772,0.042210747
2025-11-13,0.03613649,0.002563844,0.0134169385,0.039587338
2025-11-14,0.01749594,0.002563844,0.014700488,0.04440558
2025-11-17,0.018989272,0.002563844,0.020868864,0.042243678
2025-11-18,0.028970838,0.002563844,0.014614382,0.04610082
2025-11-19,0.029420678,0.002563844,0.015786592,0.045858413
2025-11-20,0.031905014,0.002563844,0.01632271,0.04159342
2025-11-21,0.01128448,0.002563844,0.021484017,0.047078915
2025-11-24,0.020308917,0.0028329203,0.015233455,0.04275352
2025-11-25,0.026252305,0.002563844,0.026928429,0.04580673
2025-11-26,0.01362845,0.002563844,0.019518416,0.039745796
2025-11-28,0.01836352,0.002563844,0.0143955,0.042408053
2025-12-01,0.016475575,0.002563844,0.015877552,0.042837635
2025-12-02,0.007695966,0.0029152688,0.021496564,0.04168977
2025-12-03,0.009748983,0.002563844,0.015262451,0.040488195
2025-12-04,0.021499213,0.002563844,0.0134169385,0.041425027
2025-12-05,0.0057016034,0.002563844,0.016996851,0.041000042
2025-12-08,0.017199518,0.002563844,0.01490515,0.038949717
2025-12-09,0.003262769,0.002563844,0.0134169385,0.040591475
2025-12-10,0.006671935,0.002563844,0.0134169385,0.04014378
2025-12-11,0.015218073,0.002563844,0.0134169385,0.036848653
2025-12-12,0.03340339,0.002563844,0.0134169385,0.039833184
